925807598,1,Spouse,Chrysa,251-371-7727,,
978621170,1,Mother,Beatrisa,652-284-2714,,
970986465,1,Brother,Valera,353-157-9727,,
951787550,1,Mother,Carter,745-528-6056,,
930932552,1,Brother,Erhard,988-832-9264,,
910334919,1,Brother,Neda,242-250-9951,,
938252798,1,Spouse,Sari,507-541-8997,,
935532679,1,Spouse,Buckie,924-888-3090,,
900197280,1,Sister,Eugen,733-681-5824,,
932532001,1,Spouse,Murdoch,628-451-0968,684-448-7345,mcrimp@china.com.cn
936215511,1,Mother,Nils,297-533-5683,,
991140496,1,Father,Jenna,202-648-1047,,
979990688,1,Sister,Buck,709-918-8847,,
912690411,1,Spouse,Pierson,984-640-6182,,
960269124,1,Sister,Ursula,420-428-4681,,
903308367,1,Mother,Myrtie,223-527-1767,,
917180934,1,Spouse,Colas,833-606-0186,,
932778420,1,Spouse,Hewie,329-585-0547,,
973751229,1,Brother,Maurie,857-487-1619,,
931883219,1,Spouse,Alonso,841-235-2385,,
988122748,1,Brother,Mychal,225-808-9041,,
913430128,1,Spouse,Janet,883-421-6939,,
992035951,1,Sister,Virgie,463-581-8800,671-858-2918,vhiddy1u@prlog.org
972112257,1,Brother,Ollie,359-487-8842,909-946-6490,ostalf1v@salon.com
958452911,1,Father,Shaine,258-783-9359,166-406-3530,sfessions1w@gmpg.org
930599688,1,Father,Clark,928-228-1536,,
933033657,1,Spouse,Connor,141-756-6235,840-990-8543,crobathon22@com.com
907131864,1,Brother,Nani,439-625-5653,,
913315373,1,Brother,Nana,248-312-7084,,
902831009,1,Spouse,Tabbatha,475-635-8382,,
945304546,1,Sister,Juliana,759-386-7839,,
995463153,1,Mother,Sarette,359-148-2950,,
908379023,1,Brother,Bentlee,438-572-1164,,
906667752,1,Spouse,Sergent,414-256-6834,,
957030083,1,Father,Lorraine,411-969-8632,,
954563148,1,Spouse,Boot,761-992-6591,176-474-9768,bvictoria2l@flavors.me
946606889,1,Father,Zita,752-470-8336,,
922617892,1,Brother,Emilia,556-119-6166,325-161-5459,ehefferan2o@paypal.com
922897082,1,Sister,Iris,513-436-6430,,
935997713,1,Brother,Dix,762-915-6969,,
916284017,1,Brother,Evered,462-327-6103,,
961149865,1,Spouse,Jonis,245-414-9561,,
957638018,1,Mother,Meredeth,924-787-4743,851-679-3876,mrichie35@shop-pro.jp
917311666,1,Father,Marcie,813-924-0298,,
941430822,1,Father,Kaitlynn,796-944-6421,,
935396967,1,Father,Alfredo,968-996-3148,,
995302216,1,Spouse,Andre,819-193-3546,,
977856230,1,Brother,Natalya,235-218-8312,,
947552603,1,Brother,Agnes,555-100-1191,,
927870094,1,Father,Neall,893-937-4756,,
987379237,1,Sister,Olive,404-645-7174,808-749-7015,obotha3n@ibm.com
917770234,1,Spouse,Berk,562-198-9353,,
937015457,1,Spouse,Sigfrid,740-575-2703,119-382-5947,sfumagall3u@github.io
980163301,1,Brother,Brannon,377-348-9009,,
977663044,1,Spouse,Malinda,716-384-9679,,
960175195,1,Mother,Georgie,180-958-3896,,
969086767,1,Father,Aliza,439-307-3098,,
947353441,1,Mother,Lindsey,451-914-6593,,
927783107,1,Spouse,Hillie,758-471-5595,,
913247396,1,Father,Tris,636-621-0424,593-483-3627,twarsop49@baidu.com
920276206,1,Mother,Freddi,864-528-3591,,
972729920,1,Mother,Dannel,755-749-2425,,
952144017,1,Father,Pearl,420-715-4012,,
913299105,1,Spouse,Eldin,473-200-6505,,
979554136,1,Sister,Currey,296-586-2407,,
954835766,1,Sister,Melisent,143-736-6613,,
989509694,1,Brother,Crista,632-941-3757,,
922444289,1,Sister,Scarface,987-207-8825,,
988674654,1,Spouse,Lucy,631-603-7974,767-778-8832,lshambroke5i@tinypic.com
926459255,1,Mother,Cammie,992-831-2110,,
962320573,1,Spouse,Issi,630-893-1010,,
944891610,1,Sister,Gaylor,365-130-9924,,
976966752,1,Sister,Benji,667-124-0496,827-823-7082,bsmitton60@feedburner.com
981610306,1,Father,Jervis,717-473-6807,,
974506834,1,Spouse,Rhea,276-839-2048,,
925465866,1,Mother,Shurlock,688-376-8774,575-656-0421,smetzing65@npr.org
973084614,1,Father,Kellie,559-359-7744,,
902215880,1,Brother,Hayes,645-105-9712,,
981714863,1,Father,Delila,513-278-5036,,
940865758,1,Brother,Winifield,342-819-7620,317-912-2040,woutram6h@mit.edu
978503605,1,Father,Jimmy,909-275-0938,684-680-0358,jleither6i@dailymail.co.uk
957743536,1,Sister,Lucky,306-734-4175,,
966136529,1,Spouse,Mikkel,646-851-4401,877-340-7182,mhugk6m@prweb.com
948543065,1,Spouse,Jackson,211-921-0634,,
988754612,1,Brother,Wildon,462-503-7654,,
937016838,1,Spouse,Silvano,491-781-3734,404-679-0629,sdeveril74@alibaba.com
975632854,1,Father,Deonne,226-215-1899,,
912324280,1,Father,Kiersten,952-452-9852,,
922590827,1,Father,Tiphani,757-373-4843,,
927278381,1,Father,Ameline,944-276-5325,,
904532785,1,Mother,Ilario,551-514-4897,,
965087270,1,Father,Donia,465-772-1727,,
914467293,1,Mother,Johnath,488-790-2095,,
975748119,1,Father,Gustie,341-432-8238,,
988317078,1,Father,Booth,954-910-1986,,
976581787,1,Brother,Gene,142-111-8877,,
967090363,1,Mother,Wake,873-475-5422,,
903103707,1,Sister,Inesita,722-267-7860,700-284-2006,iwaldera8i@wikispaces.com
985573076,1,Father,Udall,552-577-2887,,
908239625,1,Father,Northrup,434-866-7211,,
924421440,1,Father,Biddie,727-254-0461,,
902068183,1,Spouse,Dyan,651-106-1635,884-693-9548,dgiraudy8p@dagondesign.com
916342844,1,Mother,Lisabeth,751-668-2042,,
954633468,1,Father,Rodney,590-137-9749,,
913084453,1,Father,Alayne,666-748-5524,917-848-4960,amcamish8w@godaddy.com
940418458,1,Sister,Sol,698-544-1107,,
944148866,1,Brother,Meaghan,712-150-0014,,
945173090,1,Spouse,Devonne,528-724-5474,,
943356214,1,Brother,Ariela,645-427-9270,310-480-6280,ajellico90@who.int
910798927,1,Spouse,Cloe,150-101-6301,,
945353798,1,Sister,Lorettalorna,521-286-5295,147-535-6818,lmcerlaine93@tumblr.com
970162625,1,Mother,Howard,300-861-2273,520-716-9478,hhambers98@house.gov
924718853,1,Mother,Reinwald,563-692-2223,,
929520917,1,Spouse,Gisella,369-492-2192,,
995155510,1,Spouse,Shaylyn,285-627-3541,,
917570721,1,Mother,Dallas,847-417-6844,,
974239433,1,Father,Leisha,440-778-0935,,
941264845,1,Mother,Julina,314-505-6967,,
993639468,1,Spouse,Lee,299-839-1209,,
995464809,1,Mother,Tamar,375-463-5034,854-636-0057,tstickley9u@ucla.edu
960960603,1,Sister,Illa,161-916-1828,,
947955160,1,Father,Alex,435-201-1856,,
998532017,1,Father,Alexandrina,579-731-9952,,
985310855,1,Brother,Merrili,918-235-8490,616-898-5147,mhiggoea9@globo.com
982749551,1,Sister,Staffard,810-602-8681,,
926187928,1,Sister,Codi,787-907-9170,,
927472474,1,Brother,Joelynn,143-833-6097,,
958192285,1,Spouse,Hieronymus,119-190-0017,,
917241556,1,Brother,Glynis,899-767-4671,,
954737637,1,Brother,Alana,235-440-2751,,
978533187,1,Sister,Annetta,883-451-0464,549-150-0794,ahallworthal@tinyurl.com
964124582,1,Sister,Jackie,527-566-1645,,
995449963,1,Father,Johnathon,733-693-8872,669-196-2364,jrolfiao@admin.ch
970457878,1,Mother,Appolonia,425-965-4547,,
984088920,1,Brother,Monroe,247-237-3168,,
969294899,1,Sister,Jessamyn,413-749-9751,,
918653420,1,Brother,Blane,481-880-6117,,
919730468,1,Spouse,Tallie,928-842-8147,,
918740880,1,Father,Kip,883-974-9522,,
958191566,1,Spouse,Mickey,398-515-0555,,
915114999,1,Brother,Agathe,665-371-6321,,
932444545,1,Mother,Jere,170-852-3107,,
982099981,1,Brother,Jessy,912-281-6629,,
926371388,1,Sister,Barby,870-834-0559,,
941360600,1,Mother,Dicky,275-597-2373,,
976769569,1,Brother,Cornie,595-324-7871,,
979669149,1,Sister,Kath,713-440-9029,,
921409646,1,Father,Glynda,923-594-6462,,
997878432,1,Father,Michal,828-238-8973,777-482-9986,msmallpiecebw@purevolume.com
974280137,1,Mother,Goldi,961-874-6149,,
982114628,1,Mother,Lauri,614-110-9913,783-527-6627,lnovisbz@sphinn.com
912383272,1,Father,Arnie,120-418-9746,,
952458982,1,Brother,Guinna,361-231-7582,,
905184308,1,Sister,Tomasina,468-599-0251,,
980429569,1,Brother,Norry,403-887-6387,102-949-1850,nboundyc9@cdbaby.com
926606862,1,Mother,Marci,982-821-3542,910-879-2951,msteadcb@foxnews.com
910276423,1,Brother,Grethel,235-798-6307,810-951-8118,ghandovercc@dailymotion.com
962338607,1,Father,Page,363-795-0106,,
927225746,1,Father,Colet,943-847-9004,962-407-5341,cjacmarci@linkedin.com
986335444,1,Brother,Ulrica,969-694-7164,,
930870384,1,Mother,Stephan,604-413-6483,448-618-8401,sflackecm@java.com
999905526,1,Brother,Ninnette,513-271-5483,,
901389677,1,Father,Rosemaria,336-685-8365,,
920359527,1,Spouse,Madel,785-572-0999,,
965049085,1,Mother,Crissy,158-829-7364,,
902853445,1,Father,Desiri,567-194-0670,,
972206083,1,Mother,Georgine,668-774-2274,531-916-0697,gcaghyd5@goo.ne.jp
909085417,1,Brother,Elbertine,780-777-2162,,
990200338,1,Brother,Wallis,727-275-0824,,
922452674,1,Brother,Jaymie,718-823-4770,,
938369460,1,Spouse,Ivette,229-697-2515,447-154-9648,ifonteynedo@hud.gov
974737919,1,Spouse,Lenka,516-334-3325,,
921082996,1,Mother,Lemmy,457-666-1561,507-162-6930,lnichedr@t-online.de
919822254,1,Sister,Angelika,311-804-7300,,
902127598,1,Father,Nancy,251-236-0825,,
965439155,1,Father,Ellynn,400-343-4329,,
999370823,1,Sister,Salome,297-129-2552,800-891-5393,smullindx@mac.com
981270143,1,Brother,Lacee,360-882-9733,,
986033795,1,Mother,Phedra,663-741-1270,,
980714413,1,Sister,Corliss,168-870-8077,,
991633276,1,Brother,Pansie,221-459-4726,,
938854406,1,Sister,Ninette,716-112-8895,,
987283852,1,Sister,Kerrin,722-859-1628,,
944327885,1,Brother,Hussein,468-515-3057,,
976345191,1,Spouse,Cammy,239-282-1959,,
993584479,1,Spouse,Alie,965-295-8141,589-837-2745,apederseneo@livejournal.com
908084775,1,Sister,Dierdre,213-886-3196,839-671-1650,dbeahaner@studiopress.com
912430191,1,Father,Cris,109-371-5708,,
906817815,1,Brother,Dredi,143-210-5515,,
906130739,1,Father,Wilow,669-664-8506,,
997955298,1,Mother,Alison,235-689-3917,743-710-3755,abrissef6@skype.com
983724868,1,Sister,Jervis,331-921-5566,124-978-2365,jcozzif9@flavors.me
907992423,1,Brother,Korney,923-233-9592,685-280-2252,kbanbrookfa@wiley.com
957231128,1,Brother,Nedi,557-472-4922,709-576-4432,nscartifieldfc@ted.com
982631601,1,Mother,Maryanna,991-989-1736,,
961900375,1,Mother,Zach,122-623-1812,,
997525699,1,Mother,Susanna,122-412-1816,124-561-7045,smclaefl@youku.com
905326388,1,Father,Roth,479-964-4726,,
924432279,1,Father,Jakie,125-785-2714,,
963632651,1,Mother,Octavia,920-651-6653,,
935997691,1,Sister,Mable,627-884-3890,208-554-3549,mbecconsallg1@princeton.edu
908925940,1,Mother,Wyndham,898-259-5658,,
936205036,1,Spouse,Ula,903-426-5609,254-835-0853,udurdangb@wisc.edu
915907769,1,Spouse,Georgia,825-106-6187,298-830-8275,gjonuzigg@ovh.net
976817337,1,Brother,Keslie,612-959-9989,,
915275664,1,Brother,Orly,384-480-9862,,
922235874,1,Mother,Ilario,847-927-3081,974-750-2028,ihaddingtongo@marketwatch.com
988833082,1,Spouse,Kasey,468-454-6409,849-574-7543,kmclaffertygp@ucoz.com
948771864,1,Sister,Den,861-690-1977,,
956865927,1,Father,Berkie,420-444-1946,919-138-3182,bsharnockgu@go.com
961956707,1,Mother,Port,815-538-5588,,
999633658,1,Sister,Kylie,672-101-7199,,
996765045,1,Father,Janette,773-898-1703,753-286-5494,jibellh3@earthlink.net
960472890,1,Spouse,Toby,911-470-1024,,
957213521,1,Mother,Walliw,401-816-2006,521-861-9916,wibotsonh7@google.nl
930840147,1,Mother,Farrah,379-995-8276,,
939599202,1,Mother,Innis,890-107-8054,,
918180971,1,Brother,Townie,555-265-3694,377-389-3426,tcreaneyhm@sphinn.com
905191183,1,Spouse,Joy,513-924-6241,,
984775073,1,Sister,Goldi,699-424-2108,,
920539863,1,Mother,Chadwick,212-478-5164,409-204-6685,cjollisshx@ucla.edu
919204902,1,Mother,Valentia,807-317-6300,,
972182885,1,Brother,Mirabelle,817-348-2195,,
979704683,1,Brother,Concordia,375-149-3145,902-123-8924,cmcgillacoellij@businesswire.com
913398961,1,Brother,Cris,505-818-6012,,
923034811,1,Mother,Camellia,438-213-4492,,
950080258,1,Sister,Julieta,360-156-7625,,
915316807,1,Mother,Quintilla,666-734-8691,469-298-1604,quwinsis@mit.edu
999276339,1,Brother,Herbie,140-879-8688,,
923638963,1,Spouse,Virginia,794-376-0136,589-947-8702,vforwardj2@psu.edu
938447275,1,Spouse,Gorden,938-122-6023,,
958294321,1,Mother,Jaimie,822-922-5882,,
918535621,1,Mother,Tait,757-293-4846,,
980998059,1,Mother,Kirsteni,878-628-2473,,
951407184,1,Sister,Pincus,916-350-3089,,
998747931,1,Spouse,Annissa,952-468-7655,,
933997784,1,Brother,Wendy,263-160-8725,,
977760853,1,Spouse,Falkner,231-840-0020,936-745-5679,fkindlejh@thetimes.co.uk
927095618,1,Sister,Lolly,443-899-7408,,
962099684,1,Mother,Candi,945-190-4266,206-699-7166,cmoulandk0@reuters.com
909201834,1,Father,Kirsteni,865-275-9125,913-847-5640,kbenardeauk1@mtv.com
976157224,1,Sister,Bibby,153-963-6850,372-513-7700,bdevanyk4@epa.gov
930447316,1,Mother,Linn,899-411-2402,,
969305167,1,Father,Salaidh,377-365-5393,,
946164979,1,Mother,Josefa,182-215-8942,897-390-7805,jbaxstarek7@cdbaby.com
985574549,1,Father,Blisse,550-140-9307,,
935766694,1,Spouse,Tiffani,664-781-0653,,
998592781,1,Sister,Alta,551-352-6754,841-428-0661,abruynski@dot.gov
968991412,1,Mother,Job,903-791-7409,,
939253712,1,Father,Marietta,530-451-0396,,
957753472,1,Father,Philipa,282-282-6263,,
944854257,1,Sister,Rebekkah,657-862-9475,,
984473868,1,Mother,Martin,414-579-4870,,
960176140,1,Spouse,Rafaelia,532-542-2871,,
926934775,1,Father,Gilbertine,738-315-7591,,
997191624,1,Mother,Bessy,983-266-6944,,
965963803,1,Father,Jaquelin,932-791-1317,,
922866072,1,Father,Lenard,741-154-1993,,
942740157,1,Father,Ichabod,958-679-0520,934-759-4328,imaccomiskeyl4@bloglines.com
959051740,1,Brother,Guenna,411-653-6315,975-955-8139,gpalserl5@samsung.com
988459342,1,Mother,Christi,491-552-7008,,
904651070,1,Mother,Syman,957-509-2237,590-297-1645,sraynorlg@weebly.com
912116210,1,Mother,Kirby,748-426-5511,787-109-0766,kfanthomelh@seattletimes.com
980347086,1,Father,Kahaleel,279-841-8813,,
954343748,1,Mother,Ced,214-469-1810,241-777-7532,cbowcockll@epa.gov
993605191,1,Father,Leigh,399-386-4015,,
926884226,1,Spouse,Patric,902-153-3707,,
926620058,1,Spouse,Lauren,429-532-9850,,
942112195,1,Father,Jaynell,212-151-5055,,
997153673,1,Sister,Lauren,408-362-6460,366-670-3019,lbottermanlx@behance.net
943451133,1,Mother,Catina,689-380-8555,,
981882627,1,Father,Sabrina,862-732-8587,,
902730007,1,Sister,Arnoldo,433-371-2067,,
984871185,1,Mother,Llewellyn,354-273-6115,,
931298537,1,Sister,Pierre,113-939-5535,550-336-9308,pbremondm9@artisteer.com
928129911,1,Brother,Rosalyn,667-539-5790,,
935695440,1,Mother,Saundra,586-374-3686,,
928292471,1,Sister,Manolo,179-173-2034,,
972868572,1,Spouse,Otis,954-811-0319,,
918749857,1,Sister,Phyllida,609-431-3853,,
938009377,1,Mother,Guglielma,957-517-4431,,
953462737,1,Father,Stefanie,886-930-7975,,
991423381,1,Brother,Nellie,242-957-9299,,
966213972,1,Brother,Tibold,449-519-8398,,
917613864,1,Mother,Toma,213-165-0845,,
970187148,1,Spouse,Morgana,376-870-4790,,
919644519,1,Sister,Eldon,674-738-5786,,
968579864,1,Brother,Glen,503-965-4553,,
931058894,1,Brother,Irwin,732-395-6783,,
910840935,1,Sister,Therese,511-204-4279,,
997037815,1,Father,Mozelle,870-949-5879,,
952615100,1,Brother,Stearne,917-962-1575,514-821-4473,shaleyni@domainmarket.com
971363593,1,Sister,Valdemar,571-509-8485,648-262-9171,vjouanotnl@nytimes.com
901235985,1,Brother,Marijo,694-218-5093,,
914825574,1,Mother,Chrisy,997-836-5511,,
913218174,1,Brother,Gilli,856-856-1840,,
980076508,1,Brother,Andrej,747-881-3106,,
954886880,1,Brother,Corrianne,665-789-5706,,
990292044,1,Brother,Tierney,243-476-3901,,
924574519,1,Mother,Ajay,833-102-5514,,
904391191,1,Mother,Husein,683-610-3720,,
947612753,1,Father,Marve,585-413-7122,,
906658659,1,Brother,Annabal,759-328-3122,,
962362276,1,Mother,Kaye,178-587-8895,608-762-5169,ktchaikovskyo3@amazon.co.jp
963519741,1,Father,Trixie,576-894-0326,,
917675216,1,Spouse,Thea,431-310-5224,371-574-9894,theadingsok@ning.com
988941891,1,Brother,Abdul,549-602-3253,,
905027595,1,Mother,Batsheva,928-507-7953,910-371-5441,bsirep2@census.gov
922141056,1,Sister,Clement,536-807-3298,,
905621633,1,Spouse,Sandor,302-885-3014,768-802-5076,suphamp6@wp.com
937334399,1,Spouse,Ely,131-339-8920,400-841-9325,earonovitzp7@foxnews.com
991521472,1,Sister,Yovonnda,778-958-0522,,
926551540,1,Mother,Bea,468-634-4150,,
904939951,1,Mother,Darren,579-142-7393,,
937052012,1,Mother,Francene,785-164-2527,,
911826610,1,Brother,Miranda,934-958-6175,211-836-3908,mmccandlesspm@wikimedia.org
909302796,1,Sister,Kelby,678-593-4231,,
918882752,1,Mother,Madelena,123-207-5394,,
994108586,1,Father,Yule,718-167-2723,667-546-9643,yjubertps@berkeley.edu
960763274,1,Brother,Ker,262-893-0220,,
998015450,1,Father,Donnie,733-700-2389,,
971048089,1,Mother,Pauletta,212-385-6503,,
964189074,1,Spouse,Veradis,538-880-0668,,
963158952,1,Sister,Rutter,985-722-4541,,
953527782,1,Spouse,Aldridge,806-366-2459,287-187-8522,arainforthqe@cam.ac.uk
984853411,1,Mother,Ana,587-287-7125,,
916263570,1,Brother,Marvin,774-798-1552,,
901878148,1,Brother,Amil,749-146-5401,,
989375329,1,Brother,Carin,449-881-3061,,
916767726,1,Father,Talia,353-173-2470,305-726-7886,tdurqr@livejournal.com
960138809,1,Sister,Franni,656-788-7804,299-283-8611,fmcgonigalqx@mashable.com
968065059,1,Sister,Nerta,316-286-3316,,
918843500,1,Spouse,Morganne,275-116-0176,,
921553436,1,Brother,Latrena,530-591-8913,389-670-7015,lpetrakr7@com.com
967995488,1,Brother,Dorian,310-158-3166,445-955-6892,dschwartzre@dot.gov
970722615,1,Father,Laureen,262-810-2767,553-840-4530,lsolesburyrg@wikia.com
931280174,1,Brother,Cordie,592-378-1083,291-972-3377,clangabeerrh@about.me
987642745,1,Brother,Humberto,938-228-2688,435-149-4400,halredrj@mit.edu
980915504,1,Father,Arlana,439-789-3467,,
925807598,2,Spouse,Almeria,455-189-3256,470-894-6726,adignon4@ehow.com
978621170,2,Mother,Dalton,209-143-2809,,
970986465,2,Mother,Marius,106-869-7300,,
951787550,2,Father,Carlyn,265-861-2863,376-618-9089,crolyd@miitbeian.gov.cn
930932552,2,Brother,Mercie,606-121-4218,,
910334919,2,Father,Rebecka,535-937-9440,,
938252798,2,Mother,Rhodia,895-932-6631,,
935532679,2,Brother,Gena,548-529-6185,,
900197280,2,Sister,Rudyard,245-655-0320,,
932532001,2,Father,Freida,515-533-9098,602-670-0707,fhullotu@gravatar.com
936215511,2,Sister,Adriane,512-692-0932,,
991140496,2,Spouse,Ruthy,433-614-0732,,
979990688,2,Brother,Oliver,361-142-8425,956-318-6308,obarthelmes13@github.com
912690411,2,Mother,Etta,514-950-7141,,
960269124,2,Brother,Sherwood,547-731-1868,877-570-4641,strouncer16@fotki.com
903308367,2,Sister,Andie,720-187-0889,,
917180934,2,Brother,Shandee,996-238-0351,,
932778420,2,Brother,Selle,486-244-0949,,
973751229,2,Father,Marja,984-230-2441,,
931883219,2,Spouse,Everard,578-621-9565,,
988122748,2,Sister,Cassius,476-901-7069,,
913430128,2,Brother,Kimberlee,552-709-3790,460-542-0747,kmoulson1t@acquirethisname.com
992035951,2,Spouse,Lacey,136-957-4547,,
972112257,2,Brother,Xymenes,753-415-3282,,
958452911,2,Brother,Bengt,209-245-9580,,
930599688,2,Mother,Ammamaria,397-732-0550,,
933033657,2,Brother,Howey,121-111-2974,,
907131864,2,Sister,Eddie,982-442-3854,,
913315373,2,Mother,Thomas,663-862-3699,,
902831009,2,Sister,Edie,513-762-8724,,
945304546,2,Father,Vachel,958-837-5569,,
995463153,2,Father,Nedi,103-607-6396,,
908379023,2,Mother,Nicoline,486-568-6956,,
906667752,2,Spouse,Giffer,316-380-8669,,
957030083,2,Sister,Celeste,581-878-6113,,
954563148,2,Father,Lavinie,860-129-7969,,
946606889,2,Spouse,Barbabra,305-917-3118,,
922617892,2,Father,Kathlin,722-558-9009,,
922897082,2,Brother,Glyn,433-863-1387,,
935997713,2,Sister,Haley,264-997-1831,,
916284017,2,Father,Doe,866-870-3743,,
961149865,2,Father,Brittaney,819-683-3085,,
957638018,2,Brother,Art,460-120-4200,,
917311666,2,Father,Ailsun,603-984-9344,,
941430822,2,Mother,Carroll,177-719-8316,,
935396967,2,Father,Davida,135-461-5242,,
995302216,2,Father,Willette,787-331-0536,929-306-1201,wdarton4l@illinois.edu
977856230,2,Sister,Jaquith,264-872-5682,451-885-2142,jsealeaf4m@arizona.edu
947552603,2,Spouse,Sorcha,855-206-9970,,
927870094,2,Father,Alair,571-205-4999,371-372-5246,avamplew4q@prlog.org
987379237,2,Spouse,Georgie,299-152-2313,842-183-5359,gchafer4r@columbia.edu
917770234,2,Spouse,Gui,618-992-4759,,
937015457,2,Father,Car,603-412-5622,,
980163301,2,Mother,Mariele,800-622-2031,172-739-4509,mhambridge50@indiegogo.com
977663044,2,Spouse,Ervin,304-326-7168,,
960175195,2,Mother,Lancelot,283-155-3803,,
969086767,2,Sister,George,120-520-8465,,
947353441,2,Sister,Kelli,763-691-7756,407-492-9220,kwhitlock58@macromedia.com
927783107,2,Sister,Walker,290-857-2313,,
913247396,2,Brother,Vernon,552-792-1061,184-487-1610,vclewes5b@studiopress.com
920276206,2,Spouse,Zackariah,551-750-5564,,
972729920,2,Brother,Mayer,409-970-4729,,
952144017,2,Mother,Morgan,469-604-6784,,
913299105,2,Father,Lisle,509-859-8318,,
979554136,2,Brother,Nannie,294-790-9665,,
954835766,2,Spouse,Toni,401-141-8056,,
989509694,2,Spouse,Marieann,904-815-4638,128-113-8137,mgueste5r@simplemachines.org
922444289,2,Brother,Darwin,937-294-9267,341-995-0543,dtupman68@soundcloud.com
988674654,2,Sister,Meta,617-658-8724,,
926459255,2,Spouse,Kellsie,458-222-8057,,
962320573,2,Father,Leonie,931-895-2126,246-956-3602,lgrishagin6b@icq.com
944891610,2,Spouse,Dalia,762-743-8636,,
976966752,2,Sister,Leanna,167-503-1001,,
981610306,2,Father,Arabele,946-568-5001,851-835-6928,ajuschka6k@example.com
974506834,2,Mother,Rolfe,139-176-6192,,
925465866,2,Sister,Marcile,761-560-5183,156-569-8239,myeandel6o@blogger.com
973084614,2,Brother,Papagena,379-872-6838,,
902215880,2,Sister,Susanna,331-721-5107,,
981714863,2,Mother,Maureene,122-696-2657,,
940865758,2,Father,Georgianna,589-271-0993,,
978503605,2,Brother,Hilario,261-177-3051,,
957743536,2,Father,Eleni,807-597-7226,,
966136529,2,Spouse,Michaeline,288-520-5992,,
948543065,2,Father,Nikolaos,320-851-6441,,
988754612,2,Sister,Grata,525-878-5489,484-421-6636,gfeyer76@pagesperso-orange.fr
937016838,2,Sister,Catherina,410-610-8662,,
975632854,2,Spouse,Halley,950-884-3888,,
912324280,2,Father,Gothart,832-628-2102,,
922590827,2,Mother,Lorens,177-844-2985,,
927278381,2,Father,Idalina,370-809-9526,,
904532785,2,Brother,Goran,248-583-8129,570-881-4154,gfetherstonhaugh7n@mapquest.com
965087270,2,Brother,Lira,916-962-2510,,
914467293,2,Mother,Sammy,258-178-6132,,
975748119,2,Mother,Ernesta,382-966-5659,881-646-7312,etrunby7u@sciencedirect.com
988317078,2,Spouse,Dannye,365-491-2727,,
976581787,2,Sister,Lucian,677-612-2330,612-497-5015,lalenichicov82@alexa.com
967090363,2,Father,Glenn,986-123-9570,,
903103707,2,Father,Claire,445-879-6883,,
985573076,2,Father,Hermine,447-424-5287,,
908239625,2,Sister,Pedro,205-700-4081,,
924421440,2,Mother,Calli,489-839-8021,,
902068183,2,Spouse,Suzanne,818-238-4659,,
916342844,2,Mother,Lettie,327-878-2259,,
954633468,2,Brother,Fenelia,840-261-9766,,
913084453,2,Sister,Engracia,862-222-4798,,
940418458,2,Sister,Mordecai,926-348-4224,760-149-5666,mfahrenbacher8v@blog.com
944148866,2,Spouse,Lee,726-421-3950,,
945173090,2,Father,Drake,511-265-0973,958-694-0920,dtreleaven94@archive.org
943356214,2,Spouse,Wash,117-136-2617,,
910798927,2,Brother,Carrissa,771-907-1099,,
945353798,2,Sister,Giffy,407-729-8288,,
970162625,2,Mother,Dionisio,236-862-4922,417-512-3464,dhaverson9f@altervista.org
924718853,2,Father,Kelci,336-976-6773,733-792-6633,khartwright9i@imdb.com
929520917,2,Mother,Everard,465-328-2132,,
995155510,2,Brother,Genovera,131-580-2454,,
917570721,2,Mother,Decca,267-409-2636,433-375-4641,dmcduffie9x@businessweek.com
974239433,2,Father,Zelma,530-926-9126,611-631-8198,zborzonea0@psu.edu
941264845,2,Mother,Lurette,742-612-7640,423-865-2428,lkilborna6@wikia.com
993639468,2,Brother,Clarette,309-478-9066,,
995464809,2,Mother,Issi,816-724-5158,,
960960603,2,Father,Gayleen,346-765-8783,,
947955160,2,Mother,Luelle,729-268-9261,,
998532017,2,Sister,Cletus,420-829-9771,,
985310855,2,Mother,Zebulen,144-200-5707,,
982749551,2,Father,Conant,886-423-3198,399-151-4514,cmerrettay@plala.or.jp
926187928,2,Father,Anderson,495-738-5186,,
927472474,2,Father,Reeta,290-575-1792,,
958192285,2,Spouse,Lyndy,695-673-6343,205-882-2827,lmourgueb9@xinhuanet.com
917241556,2,Sister,Fran,741-986-3805,,
954737637,2,Brother,Zandra,970-378-5078,611-937-1643,zseagebg@1und1.de
978533187,2,Brother,Beck,911-469-2521,260-369-7464,byakovitchbj@wisc.edu
964124582,2,Sister,Kurt,475-234-4776,,
995449963,2,Mother,Loutitia,576-626-4007,,
970457878,2,Mother,Carin,592-789-7117,456-972-5524,ccaplinc0@mtv.com
984088920,2,Mother,Olivier,199-478-7561,,
969294899,2,Brother,Modestia,600-177-9320,,
918653420,2,Spouse,Nathalie,465-156-8696,359-500-0682,nredmondc4@ifeng.com
919730468,2,Sister,Hilly,386-573-8525,,
918740880,2,Brother,Temple,503-337-9207,,
958191566,2,Mother,Samuele,476-717-1019,,
915114999,2,Brother,Domenico,795-371-9569,,
932444545,2,Mother,Melosa,762-214-1631,,
982099981,2,Father,Chancey,335-423-2642,,
926371388,2,Mother,Wilek,185-296-0488,,
941360600,2,Mother,Kiley,471-865-1507,,
976769569,2,Sister,Lyn,109-904-8482,,
979669149,2,Mother,Hurleigh,192-324-8209,938-384-0111,hsquierd4@goo.ne.jp
921409646,2,Mother,Kathie,646-795-8468,757-587-3645,keasterd6@mtv.com
997878432,2,Brother,Regan,420-605-1518,,
974280137,2,Spouse,Xerxes,770-809-9161,,
982114628,2,Brother,Natale,273-154-6054,,
912383272,2,Spouse,Christen,838-603-4994,110-340-1214,cdumberrilldg@wp.com
952458982,2,Mother,Zabrina,600-102-4540,,
905184308,2,Mother,Fara,848-127-5530,,
980429569,2,Mother,Elora,318-437-4569,,
926606862,2,Mother,Reynard,958-616-4967,,
910276423,2,Brother,Gerrie,176-869-1141,882-386-9841,gwoodcockdu@macromedia.com
962338607,2,Brother,Burk,857-755-0815,,
927225746,2,Mother,Lyn,909-120-4002,803-392-2686,leatese3@people.com.cn
986335444,2,Brother,Barbara,614-308-0140,,
930870384,2,Father,Lynnelle,827-159-2348,,
999905526,2,Sister,Edi,275-167-9883,,
901389677,2,Spouse,Ruthi,774-206-1296,,
920359527,2,Sister,Jabez,877-424-6812,,
965049085,2,Father,Christophe,881-804-7202,,
902853445,2,Brother,Evelyn,470-607-7790,,
972206083,2,Brother,Falkner,778-421-7968,,
909085417,2,Sister,Flora,896-801-2046,540-962-5335,ftrappeex@reference.com
990200338,2,Father,Royal,229-429-7111,,
922452674,2,Mother,Jeane,853-568-1082,,
938369460,2,Mother,Olimpia,744-869-4177,325-967-3609,odmisekf1@cornell.edu
974737919,2,Spouse,Vale,597-572-8037,,
921082996,2,Sister,Phil,829-143-0197,937-704-9102,pmenguef7@newsvine.com
919822254,2,Brother,Halette,569-877-1785,869-700-7516,hmorantfe@hud.gov
902127598,2,Father,Zia,182-246-7788,,
965439155,2,Sister,Ajay,189-937-1924,,
999370823,2,Sister,Dame,452-315-6687,394-286-7428,dshyresfn@hubpages.com
981270143,2,Sister,Hayes,107-759-8570,,
986033795,2,Brother,Spense,545-700-3063,,
980714413,2,Father,Natalina,443-120-9636,,
991633276,2,Brother,Ethelin,686-408-4546,,
938854406,2,Mother,Raven,859-464-6332,210-884-1026,rplailfw@facebook.com
987283852,2,Sister,Shirlee,826-556-9468,,
944327885,2,Brother,Oberon,216-395-8631,182-270-2659,obeltg2@yale.edu
976345191,2,Sister,Edithe,382-695-6554,,
993584479,2,Father,Kippy,246-680-5779,,
908084775,2,Sister,Garald,923-844-9932,,
912430191,2,Father,Helge,262-970-7543,,
906817815,2,Spouse,Berkie,444-177-0260,669-996-5478,bpetergc@histats.com
906130739,2,Father,Svend,963-861-2161,,
997955298,2,Mother,Baxie,258-394-4191,,
983724868,2,Sister,Roy,833-639-5301,,
907992423,2,Mother,Friederike,526-463-9358,,
957231128,2,Brother,Bobine,849-772-6025,,
982631601,2,Mother,Brian,495-940-4266,,
961900375,2,Mother,Christian,308-640-2637,364-114-9554,cbasfordgr@topsy.com
997525699,2,Father,Dorian,447-945-7141,,
905326388,2,Mother,Hadria,517-299-2731,,
924432279,2,Brother,Osmund,922-855-8495,,
963632651,2,Mother,Roseline,391-714-2454,,
935997691,2,Spouse,Franky,513-290-3168,699-439-5161,fdroughthe@naver.com
908925940,2,Mother,Joseito,843-200-0751,614-119-4607,jnortunenhg@google.ru
936205036,2,Brother,Delphinia,847-312-6220,,
915907769,2,Father,Daloris,834-651-1490,591-209-0649,doleszcukhk@mit.edu
976817337,2,Sister,Lek,403-152-9642,,
915275664,2,Father,Jackquelin,926-222-8632,,
922235874,2,Sister,Shana,774-643-5860,,
988833082,2,Sister,Tracey,884-260-4361,,
948771864,2,Spouse,Ariana,899-947-8945,,
956865927,2,Brother,Ash,258-331-7962,,
961956707,2,Mother,Kennith,409-851-9652,,
999633658,2,Spouse,Darryl,246-946-0612,544-825-8893,dsinnockei2@lulu.com
996765045,2,Father,Stephanus,181-260-5593,295-194-9632,sblenkharni3@globo.com
960472890,2,Father,Palmer,326-459-9651,,
957213521,2,Father,Chrisy,975-241-9763,,
930840147,2,Father,Katee,407-199-1600,,
939599202,2,Sister,Chaunce,949-196-1813,,
918180971,2,Brother,Ammamaria,156-288-1538,,
905191183,2,Sister,Hynda,633-624-5771,676-588-7371,hpennymanif@dedecms.com
984775073,2,Mother,Anya,696-461-7381,,
920539863,2,Brother,Link,520-671-6343,550-784-7122,lsaketih@cmu.edu
919204902,2,Brother,Jenda,139-755-8184,,
972182885,2,Spouse,Ulla,851-575-6210,,
979704683,2,Spouse,Isabel,350-984-2473,,
913398961,2,Spouse,Artemus,191-753-4007,,
923034811,2,Sister,Jazmin,933-647-5192,837-419-1577,jlavaldeiv@odnoklassniki.ru
950080258,2,Spouse,Glyn,942-126-7175,,
915316807,2,Spouse,Dinny,567-931-6132,,
999276339,2,Spouse,Carver,374-801-8970,,
923638963,2,Brother,Piggy,494-141-5710,931-493-8623,pdegiorgioj7@forbes.com
938447275,2,Spouse,Beth,565-475-8556,,
958294321,2,Mother,Jerrold,562-256-9013,,
918535621,2,Mother,Annalise,315-321-3076,,
980998059,2,Father,Sianna,816-621-6683,,
951407184,2,Father,Cissy,871-212-5159,390-886-3298,cconnjl@cdc.gov
998747931,2,Spouse,Tammara,352-274-8008,,
933997784,2,Sister,Eleanora,872-508-5138,686-476-7727,ehumblestonejn@ifeng.com
977760853,2,Sister,Fulton,674-794-9764,,
927095618,2,Brother,Reina,922-374-9636,,
962099684,2,Spouse,Mace,651-697-8277,724-684-7952,mmorstonjs@a8.net
909201834,2,Father,Hillard,321-597-0380,,
976157224,2,Brother,Marena,314-761-2368,,
930447316,2,Mother,Malissia,950-644-3587,,
969305167,2,Spouse,Lauretta,550-322-1890,,
946164979,2,Father,Ralf,783-263-1004,,
985574549,2,Sister,Walker,999-857-5783,,
935766694,2,Spouse,Sonni,390-448-5558,,
998592781,2,Sister,Mitchael,789-479-7230,,
968991412,2,Spouse,Peyton,466-401-6969,,
939253712,2,Spouse,Rubina,377-131-8024,,
957753472,2,Father,Amalie,735-118-9795,,
944854257,2,Brother,Amabel,609-271-3859,,
984473868,2,Brother,Florry,772-171-2598,,
960176140,2,Mother,Consuelo,597-434-4833,,
926934775,2,Spouse,Omar,805-502-3185,255-815-2387,omaykinl8@discovery.com
997191624,2,Mother,Cheslie,619-624-2740,,
965963803,2,Father,Bobbie,989-282-2443,126-730-5354,bneilld@tinypic.com
922866072,2,Brother,Timoteo,430-311-4577,,
942740157,2,Sister,Rhianna,788-166-4437,,
959051740,2,Father,Dominga,116-404-1918,,
988459342,2,Spouse,Indira,874-409-3610,,
904651070,2,Brother,Richmound,708-870-5596,484-134-4386,rmoreinglz@google.cn
912116210,2,Sister,Bone,602-246-7133,294-504-2677,bcarayolm1@meetup.com
980347086,2,Mother,Indira,600-359-9334,,
954343748,2,Father,Ansell,128-948-4866,,
993605191,2,Mother,Nester,881-739-1613,,
926884226,2,Father,My,644-615-8878,,
926620058,2,Father,Wilone,530-821-4951,483-538-0643,wtalmo@chron.com
942112195,2,Sister,Eachelle,291-438-1357,,
997153673,2,Mother,Annabela,967-426-2719,,
943451133,2,Father,Eduard,767-932-6958,,
981882627,2,Sister,Lanni,778-729-8608,,
902730007,2,Brother,Yulma,267-569-7433,258-835-9973,ybortolinin1@forbes.com
984871185,2,Sister,Hewitt,509-803-0932,923-447-0184,htigwelln2@accuweather.com
931298537,2,Spouse,Andee,437-811-0768,,
928129911,2,Spouse,Reine,703-775-0973,228-371-1518,rmcrobbien8@trellian.com
935695440,2,Spouse,Hiram,936-160-0822,,
928292471,2,Spouse,Jacobo,588-376-9139,,
972868572,2,Spouse,Heindrick,382-834-8453,,
918749857,2,Mother,Gratiana,560-798-5028,,
938009377,2,Mother,Lainey,954-172-5898,,
953462737,2,Brother,Jada,646-521-4763,,
991423381,2,Mother,Branden,554-911-5410,,
966213972,2,Spouse,Dacy,962-243-9893,779-540-1695,dbrimmicombenv@utexas.edu
917613864,2,Brother,Allianora,335-513-5062,228-108-3037,asydenhamnz@wp.com
970187148,2,Sister,Alene,109-196-6343,406-432-5793,apavelo9@slideshare.net
919644519,2,Brother,Gustavo,830-533-0866,,
968579864,2,Spouse,Morse,634-837-8869,,
931058894,2,Brother,Cull,460-617-0484,,
910840935,2,Brother,Mattheus,491-648-0225,,
997037815,2,Father,Billie,321-704-7695,,
952615100,2,Mother,Philippine,-986-5079,,
971363593,2,Mother,Harley,564-127-8435,947-676-2341,hrogetop@cam.ac.uk
901235985,2,Sister,Kial,699-630-6465,154-302-5915,kstrotheroq@auda.org.au
914825574,2,Sister,Tamera,844-613-9189,,
913218174,2,Brother,Lissi,360-746-7580,,
980076508,2,Brother,Bondon,285-118-1933,912-997-3503,btrinkeou@stumbleupon.com
954886880,2,Spouse,Pia,326-194-0046,,
990292044,2,Mother,Georgetta,729-965-7950,,
924574519,2,Brother,Ddene,491-925-9052,965-371-6818,dstuerpg@themeforest.net
904391191,2,Spouse,Viviana,807-673-0743,,
947612753,2,Brother,Stephen,396-285-3242,,
906658659,2,Sister,Mathe,193-987-5240,,
962362276,2,Spouse,Marcellina,885-168-3741,,
963519741,2,Mother,Daffi,229-996-4121,310-608-9315,dmackneypv@vk.com
917675216,2,Brother,Ennis,852-974-0612,186-293-8677,ebrunnerpw@elegantthemes.com
988941891,2,Mother,Antonie,728-595-8481,757-949-6969,aboxhallpz@prweb.com
905027595,2,Father,Justus,448-389-0929,,
922141056,2,Spouse,Kevon,985-609-0239,,
905621633,2,Mother,Dela,985-787-5150,440-588-0816,dmcdowellq6@flavors.me
937334399,2,Father,Cindie,755-322-0299,,
991521472,2,Brother,Ganny,301-333-8616,,
926551540,2,Mother,Freddi,732-311-0947,,
904939951,2,Father,Orelia,415-735-3698,383-874-2280,osparhamqm@discuz.net
937052012,2,Spouse,Freddie,111-865-8900,,
911826610,2,Mother,Chevy,112-254-5461,787-829-1487,cbullcockqs@google.com
909302796,2,Mother,Leodora,957-995-9968,,
918882752,2,Father,Lolita,491-322-0063,,
994108586,2,Brother,Jenine,297-973-0575,,
960763274,2,Sister,Lyon,485-334-5544,,
998015450,2,Mother,Corenda,546-786-9771,,
971048089,2,Mother,Westleigh,292-441-1184,,
964189074,2,Sister,Danya,751-549-2533,,
963158952,2,Mother,Lexi,594-439-1405,608-706-2254,lmoldri@dagondesign.com
953527782,2,Mother,Ki,148-540-8902,,
925807598,3,Mother,Carlee,562-911-8244,,
978621170,3,Spouse,Dennis,105-174-2942,,
970986465,3,Father,Coretta,500-905-8902,,
951787550,3,Father,Linn,739-211-1233,,
930932552,3,Brother,Rodina,701-753-4806,,
910334919,3,Mother,Erwin,786-649-1578,250-327-0893,ehaslenf@wikipedia.org
938252798,3,Spouse,Fredi,133-572-0210,,
935532679,3,Father,Dasi,325-564-2701,,
900197280,3,Father,Dorelle,940-968-0226,,
932532001,3,Brother,Temp,210-715-5991,,
936215511,3,Spouse,Fairleigh,613-500-8005,,
991140496,3,Brother,Dorothea,204-454-5004,,
979990688,3,Sister,Clary,169-150-8320,,
912690411,3,Father,Ruthann,445-481-7519,,
960269124,3,Mother,Deck,314-926-9296,,
903308367,3,Father,Kimbra,974-268-5944,,
917180934,3,Spouse,Odilia,261-498-8459,486-552-7578,obrotherhead1h@ow.ly
932778420,3,Father,Yancy,211-878-5406,,
973751229,3,Father,Ebba,143-823-0040,878-202-5936,esivier1l@psu.edu
931883219,3,Spouse,Roddy,995-129-6324,,
988122748,3,Father,Orlan,920-572-8823,,
913430128,3,Brother,Lilyan,609-810-2822,,
992035951,3,Brother,Jordan,378-836-0925,,
972112257,3,Mother,Algernon,877-867-6997,,
958452911,3,Sister,Shalom,370-153-9107,,
930599688,3,Mother,Karylin,550-488-0751,,
933033657,3,Spouse,Mozelle,680-434-7554,,
907131864,3,Sister,Frazer,510-422-7282,,
913315373,3,Brother,Norman,727-137-5918,,
902831009,3,Mother,Cole,402-461-7257,,
945304546,3,Sister,Micky,942-811-1934,,
995463153,3,Brother,Biron,994-745-7331,,
908379023,3,Spouse,Farlee,731-157-8586,,
906667752,3,Spouse,Krisha,729-388-8361,,
957030083,3,Spouse,Livy,423-650-2733,,
954563148,3,Mother,Tucker,512-933-3331,,
946606889,3,Spouse,Renault,616-969-4628,,
922617892,3,Father,Johanna,250-694-9382,,
922897082,3,Spouse,Dosi,726-748-9530,,
935997713,3,Mother,Pierce,937-958-9748,488-812-8597,pbartosik3d@hatena.ne.jp
916284017,3,Brother,Philip,806-798-2609,,
961149865,3,Spouse,Norman,741-691-9995,,
957638018,3,Spouse,Tobe,681-332-2855,,
917311666,3,Mother,Bradley,347-420-2784,276-876-9921,bmoorrud3p@constantcontact.com
941430822,3,Brother,Orelle,903-400-3583,413-782-1882,oshawe3q@tinyurl.com
935396967,3,Mother,Edd,568-815-2820,,
995302216,3,Sister,Joela,477-759-0668,,
977856230,3,Brother,Carlos,882-828-6007,,
947552603,3,Brother,Brig,903-830-5634,412-959-4139,blowthorpe41@indiegogo.com
927870094,3,Spouse,Brand,992-370-5177,,
987379237,3,Sister,Francklin,312-789-0246,,
917770234,3,Father,Tiffanie,306-635-5051,,
937015457,3,Sister,Stirling,923-403-0843,,
980163301,3,Sister,Sancho,511-775-4217,,
977663044,3,Sister,Sadella,869-621-0716,,
960175195,3,Mother,Willard,743-456-7531,,
969086767,3,Father,Shannon,375-114-8628,546-230-4856,sdosdale4j@multiply.com
947353441,3,Spouse,Arri,129-579-6500,,
927783107,3,Brother,Lesly,314-304-7889,,
913247396,3,Father,Ben,491-876-1004,,
920276206,3,Spouse,Barton,395-807-4250,448-103-9978,bware4w@domainmarket.com
972729920,3,Father,Benny,866-772-4482,502-998-1663,bbontine54@macromedia.com
952144017,3,Spouse,Sasha,337-877-6091,338-681-7902,ssim55@spotify.com
913299105,3,Spouse,Jobina,988-363-2227,527-823-6283,jarnald56@1688.com
979554136,3,Spouse,Chuck,865-428-5853,,
954835766,3,Brother,Randee,399-339-0791,,
989509694,3,Spouse,Jonis,978-519-2684,,
922444289,3,Father,Malia,159-859-1078,368-881-8306,mpiotrowski5n@aol.com
988674654,3,Sister,Charleen,391-972-0825,,
926459255,3,Brother,Janina,695-606-9106,,
962320573,3,Brother,Janice,835-712-4349,901-184-6237,jcossam5q@wunderground.com
944891610,3,Spouse,Darrelle,623-179-2327,,
976966752,3,Brother,Corabella,808-383-0116,,
981610306,3,Spouse,Jacques,790-832-5103,,
974506834,3,Brother,Wilden,614-253-7446,321-244-8345,wmessier5w@uiuc.edu
925465866,3,Spouse,Kingsley,513-927-8468,586-551-2910,kgibbieson5y@plala.or.jp
973084614,3,Father,Meggy,112-447-5888,,
902215880,3,Mother,Carla,391-445-5648,,
981714863,3,Mother,Bo,931-719-6765,974-447-2315,bcicco64@chron.com
940865758,3,Father,Sibylle,470-441-4546,387-562-1567,swagner67@patch.com
978503605,3,Father,Zena,274-918-4494,,
957743536,3,Brother,Ole,245-870-4088,289-634-7475,okener6g@amazon.com
966136529,3,Mother,Sonja,345-868-6434,666-845-9829,sionnisian6r@163.com
948543065,3,Father,Sibilla,367-521-3305,527-604-1651,sfishwick6t@canalblog.com
988754612,3,Father,Ernaline,233-724-1234,559-624-0545,ecoxall6v@toplist.cz
937016838,3,Father,Si,777-389-1017,504-712-1619,sdelabarre6z@networkadvertising.org
975632854,3,Spouse,Terencio,880-398-0386,,
912324280,3,Sister,Dolph,721-662-3895,,
922590827,3,Father,Terri-jo,819-125-4479,956-170-3814,toldis77@thetimes.co.uk
927278381,3,Mother,Earle,477-518-3200,921-700-4255,efarrand79@shareasale.com
904532785,3,Spouse,Korney,425-645-2049,182-687-9426,ktippell7c@hatena.ne.jp
965087270,3,Father,Derry,601-974-6152,,
914467293,3,Father,Peyton,948-437-9853,,
975748119,3,Spouse,Elton,586-560-0331,,
988317078,3,Mother,Winston,461-408-0082,,
976581787,3,Father,Lonni,227-669-2644,,
967090363,3,Sister,Jamesy,191-891-1031,336-116-7581,jbraunter7r@theguardian.com
903103707,3,Brother,Arlan,722-428-2828,,
985573076,3,Brother,Henrieta,919-695-0259,,
908239625,3,Father,Annamaria,711-183-1570,,
924421440,3,Spouse,Gordie,460-349-8893,,
902068183,3,Mother,Rivi,784-337-3176,,
916342844,3,Brother,Salmon,616-772-8194,,
954633468,3,Spouse,Constanta,255-478-1618,,
913084453,3,Spouse,Eldridge,188-365-9764,,
940418458,3,Spouse,Bibi,823-782-2040,,
944148866,3,Brother,Brenna,802-992-8566,,
945173090,3,Brother,Peder,662-854-9698,,
943356214,3,Spouse,Ida,826-174-5742,,
910798927,3,Father,Stormi,756-396-4701,,
945353798,3,Mother,Belle,503-946-6480,894-314-9981,bdelamar97@nba.com
970162625,3,Mother,Carline,911-494-4209,,
924718853,3,Brother,Tove,277-430-2149,,
929520917,3,Brother,Everard,765-545-2653,,
995155510,3,Spouse,Jorry,557-809-4551,381-333-3307,jyegoshin9j@telegraph.co.uk
917570721,3,Father,Alphonse,500-158-7584,,
974239433,3,Father,Anselma,173-161-0921,628-206-0961,acareless9l@dailymotion.com
941264845,3,Mother,May,155-208-6559,,
993639468,3,Brother,Lee,936-234-1404,,
995464809,3,Brother,Cloris,627-694-6229,809-383-0271,cdunckley9t@altervista.org
960960603,3,Spouse,Zared,916-772-0632,,
947955160,3,Mother,Boyd,704-117-8364,612-683-5881,bpamphilon9y@weather.com
998532017,3,Spouse,Ernst,649-639-7446,,
985310855,3,Spouse,Maribel,932-162-8060,,
982749551,3,Father,Esther,329-148-6293,,
926187928,3,Sister,Cori,149-256-0033,451-194-6859,cjarvisa5@liveinternet.ru
927472474,3,Sister,Lou,167-487-4712,,
958192285,3,Spouse,Lillis,238-396-2208,,
917241556,3,Brother,Ophelia,202-920-8708,,
954737637,3,Brother,Jody,515-373-7270,,
978533187,3,Father,Bianca,591-929-1607,,
964124582,3,Father,Kimberlee,778-628-1654,,
995449963,3,Father,Danielle,537-673-6471,,
970457878,3,Spouse,Sully,456-510-2216,,
984088920,3,Mother,Florida,211-417-9880,,
969294899,3,Father,Twila,712-180-8479,,
918653420,3,Father,Farlay,828-986-6904,,
919730468,3,Mother,Forbes,883-229-2118,,
918740880,3,Spouse,Barbee,908-352-1575,,
958191566,3,Sister,Cly,449-727-1161,,
915114999,3,Father,Fletch,280-434-3076,,
932444545,3,Father,Aurore,762-929-3425,,
982099981,3,Sister,Delmore,169-796-5582,136-923-3025,dlewsybk@jiathis.com
926371388,3,Father,Farlie,383-477-5039,,
941360600,3,Father,Axe,111-664-1605,,
976769569,3,Spouse,Cassy,688-432-3796,621-853-4894,ccoybo@foxnews.com
979669149,3,Father,Leland,636-794-2125,967-290-9808,lmaccraebs@e-recht24.de
921409646,3,Brother,Hinze,888-811-0317,,
997878432,3,Mother,Burg,629-524-4388,285-305-7424,bkemshellc7@statcounter.com
974280137,3,Brother,Maryjo,511-496-4789,,
982114628,3,Brother,Seline,851-134-6094,,
912383272,3,Spouse,Sherm,499-492-1641,492-196-6745,smordeycg@nymag.com
952458982,3,Brother,Madge,321-567-8750,,
905184308,3,Brother,Sutherlan,277-778-0996,,
980429569,3,Sister,Tarah,950-726-0207,,
926606862,3,Brother,Krispin,127-211-4016,,
910276423,3,Sister,Selestina,864-885-9176,,
962338607,3,Sister,Romona,810-519-7641,,
927225746,3,Father,Eimile,832-968-8030,460-968-6779,ekempstond0@deliciousdays.com
986335444,3,Father,Mariele,568-625-8614,,
930870384,3,Mother,Loy,490-598-8410,510-379-6175,lclewlowed7@bbc.co.uk
999905526,3,Father,Alonso,537-442-5871,,
901389677,3,Mother,Cornall,458-158-9503,,
920359527,3,Mother,Daveta,646-808-7308,,
965049085,3,Sister,Mathilda,733-803-7453,,
902853445,3,Father,Hansiain,373-504-6179,,
972206083,3,Spouse,Paolo,329-174-1950,,
909085417,3,Brother,Quincy,647-134-3080,,
990200338,3,Spouse,Pammy,842-182-9671,730-809-4304,pwoodyerdy@ocn.ne.jp
922452674,3,Father,Valma,718-750-5866,441-276-8755,vhebrondz@google.ru
938369460,3,Father,Dougy,169-874-1138,,
974737919,3,Mother,Ermengarde,773-250-5124,419-597-2045,ekurtene7@aol.com
921082996,3,Sister,Fawne,483-403-2414,,
919822254,3,Mother,Hadlee,568-450-8246,,
902127598,3,Mother,Karyn,372-140-2807,,
965439155,3,Father,Felipa,594-669-4177,,
999370823,3,Mother,Caleb,450-274-1840,949-176-4302,caleksankovem@istockphoto.com
981270143,3,Father,Dion,131-364-9121,,
986033795,3,Sister,Corrinne,541-562-2911,,
980714413,3,Mother,Menard,576-938-9212,,
991633276,3,Mother,Titus,153-884-9399,,
938854406,3,Brother,Sanford,376-209-6945,,
987283852,3,Brother,Benedikt,393-652-7965,662-636-8288,bdetheridgef4@chicagotribune.com
944327885,3,Sister,Umberto,890-455-9816,182-509-5196,ubernf5@tinypic.com
976345191,3,Brother,Cosetta,352-423-9396,150-856-7809,cfennerf8@a8.net
993584479,3,Spouse,Gregoor,571-975-9856,,
908084775,3,Mother,Silvio,512-961-6206,,
912430191,3,Sister,Georgena,197-892-2734,,
906817815,3,Spouse,Ursola,772-308-4538,,
906130739,3,Father,Fannie,323-746-2554,,
997955298,3,Father,Hastie,303-362-6669,,
983724868,3,Father,Domeniga,455-711-2300,116-713-3144,dpoulettfu@ebay.com
907992423,3,Father,Milena,194-574-2997,,
957231128,3,Father,Edin,678-219-7755,831-929-3586,eclaybourng0@usgs.gov
982631601,3,Brother,Marissa,718-555-1728,,
961900375,3,Spouse,Barnaby,456-308-9549,872-319-1561,bredsullg7@samsung.com
997525699,3,Brother,Kalina,523-264-3970,,
905326388,3,Father,Eba,383-592-0451,,
924432279,3,Spouse,Stacee,151-679-4545,703-647-7027,swildorgh@loc.gov
963632651,3,Sister,Stepha,287-363-2282,,
935997691,3,Father,Becka,441-446-8710,547-697-7270,bdillicategx@dot.gov
908925940,3,Father,Meryl,534-264-7278,,
936205036,3,Sister,Ashley,837-325-8625,,
915907769,3,Mother,Terrance,756-207-6071,,
976817337,3,Spouse,Damian,493-563-7134,,
915275664,3,Spouse,Cathleen,635-105-2083,,
922235874,3,Sister,Debee,134-775-3936,,
988833082,3,Spouse,Rosemarie,427-689-0805,,
948771864,3,Sister,Henrieta,928-982-7267,,
956865927,3,Spouse,Arnie,345-449-3904,,
961956707,3,Spouse,Gerald,405-392-6764,227-500-9259,ggieveshf@123-reg.co.uk
999633658,3,Father,Brena,244-158-0197,,
996765045,3,Mother,Nickolai,650-318-7375,,
960472890,3,Sister,Jilleen,623-461-4794,,
957213521,3,Brother,Debbi,847-806-2164,,
930840147,3,Brother,Betsy,791-746-5947,,
939599202,3,Sister,Nil,442-509-0294,,
918180971,3,Mother,Casandra,448-198-4302,,
905191183,3,Father,Irwin,616-467-1409,,
984775073,3,Brother,Remus,140-823-5539,942-224-4783,rkleinsteini7@dropbox.com
920539863,3,Sister,Thomasina,424-931-2366,780-514-1036,tnewmani9@hp.com
919204902,3,Sister,Delia,415-413-4533,,
972182885,3,Sister,Andi,653-536-6800,,
979704683,3,Mother,Care,663-842-7144,,
913398961,3,Spouse,Luz,653-744-7691,892-863-9307,lloreyio@webmd.com
923034811,3,Spouse,Hamish,715-120-7590,,
950080258,3,Sister,Salim,606-471-4627,784-662-3802,srattrieiz@usnews.com
915316807,3,Brother,Somerset,911-861-2463,,
999276339,3,Sister,Carver,876-251-7954,,
923638963,3,Father,Pollyanna,432-911-1438,151-977-0280,prosenbuschj3@ezinearticles.com
938447275,3,Brother,Glad,683-418-6114,,
958294321,3,Mother,Ursola,379-647-0103,,
918535621,3,Mother,Arv,388-223-4053,623-507-3592,aparonijk@tinypic.com
980998059,3,Spouse,Bobbi,741-458-9545,,
951407184,3,Father,Malanie,734-755-8756,647-245-0896,mmarzelliju@t-online.de
998747931,3,Brother,Loise,999-524-6364,,
933997784,3,Mother,Cindi,545-634-8090,,
977760853,3,Sister,Xymenes,526-615-1583,,
927095618,3,Spouse,Sheffield,496-318-6922,,
962099684,3,Spouse,Pavla,312-706-5420,,
909201834,3,Mother,Karlotte,339-920-7902,171-861-4939,kgulliskd@ebay.com
976157224,3,Mother,Kamilah,802-769-9568,101-825-4255,kaldinskh@uiuc.edu
930447316,3,Father,Gonzales,161-133-0769,887-308-8606,gpetrolkm@tinypic.com
969305167,3,Spouse,Joli,679-375-8165,,
946164979,3,Father,Bria,861-787-3718,,
985574549,3,Brother,Roderigo,565-219-9052,,
935766694,3,Brother,Craggie,547-461-2573,,
998592781,3,Mother,Cullen,748-252-8817,,
968991412,3,Mother,Nicolais,814-868-1587,,
939253712,3,Brother,Joye,757-611-3364,633-651-8484,jmcclementsl7@usda.gov
957753472,3,Brother,Willyt,566-369-3923,,
944854257,3,Spouse,Willi,975-366-7935,688-759-7964,wantuonilb@foxnews.com
984473868,3,Sister,Berkeley,541-476-2303,,
960176140,3,Mother,Adan,437-843-9874,,
926934775,3,Sister,Sawyere,902-862-1622,,
997191624,3,Mother,Vick,429-481-8386,,
965963803,3,Spouse,Tallie,459-770-4515,273-870-3747,tbillanylt@adobe.com
922866072,3,Sister,Corey,742-158-4770,,
942740157,3,Spouse,Mauricio,845-947-7798,,
959051740,3,Father,Craggy,110-366-7759,209-327-4664,ctarpleely@ucoz.com
988459342,3,Sister,Charlot,399-840-5713,,
904651070,3,Spouse,Bernadina,538-128-0987,,
912116210,3,Brother,Clementius,891-595-0868,,
980347086,3,Sister,Thane,317-566-9250,,
954343748,3,Brother,Hartwell,459-381-3690,,
993605191,3,Father,Aleece,152-815-4585,175-713-7831,acayme@examiner.com
926884226,3,Spouse,Florie,313-970-5350,348-805-4880,fgumeymj@liveinternet.ru
926620058,3,Spouse,Filberto,689-289-8890,,
942112195,3,Father,Antonin,695-795-9064,,
997153673,3,Brother,Julianna,135-860-6567,954-668-6582,jhillandmn@dropbox.com
943451133,3,Spouse,Gertie,687-766-3916,104-899-7074,gbrenstonmw@themeforest.net
981882627,3,Spouse,Jordana,366-377-8987,,
902730007,3,Mother,Alfi,583-859-3726,,
984871185,3,Sister,Powell,762-416-6296,,
931298537,3,Mother,Sharline,858-793-4738,586-762-4388,sroelofsn7@infoseek.co.jp
928129911,3,Father,Brenn,283-204-8390,,
935695440,3,Sister,Gigi,815-295-7762,,
928292471,3,Father,Peta,629-131-9347,,
972868572,3,Mother,Dannie,635-483-4758,,
918749857,3,Sister,Eugenio,246-270-8481,,
938009377,3,Sister,Kameko,463-839-7062,581-107-4351,kmepstedo5@earthlink.net
953462737,3,Sister,Weider,594-128-8548,,
991423381,3,Brother,Nicholas,258-942-0179,,
966213972,3,Brother,Robinet,501-687-6244,,
917613864,3,Brother,Collie,691-189-2785,677-949-4561,cdilgeroa@comcast.net
970187148,3,Mother,Juliette,887-515-0836,,
919644519,3,Sister,Bran,331-638-5546,,
968579864,3,Brother,Eleni,170-166-8566,,
931058894,3,Mother,Cletis,508-708-6296,,
910840935,3,Mother,Charlena,888-841-4889,,
997037815,3,Mother,Fan,147-791-1051,,
952615100,3,Spouse,Hanan,342-337-2905,,
971363593,3,Father,Yanaton,118-550-8264,,
901235985,3,Father,Eugenius,169-247-7701,,
914825574,3,Spouse,Hanna,193-504-0183,,
913218174,3,Mother,Paulita,384-430-3499,711-907-5190,pbarmadieroz@google.com.hk
980076508,3,Brother,Christophe,710-253-1423,,
954886880,3,Father,Mac,907-431-4837,,
990292044,3,Father,Vonnie,600-562-9383,,
924574519,3,Spouse,Camila,909-918-2457,,
904391191,3,Spouse,Angil,826-384-3393,,
947612753,3,Father,Ed,324-752-1774,,
906658659,3,Sister,Terza,669-171-0308,597-516-6013,tandreaspe@netlog.com
962362276,3,Spouse,Cathy,919-627-4892,,
963519741,3,Spouse,Udall,167-310-7560,,
917675216,3,Father,Angelina,772-715-1741,,
988941891,3,Mother,Novelia,242-825-2977,,
905027595,3,Mother,Arnie,981-579-8573,,
922141056,3,Brother,Gabriel,937-675-0856,,
905621633,3,Spouse,Albrecht,436-553-3757,,
937334399,3,Mother,Charissa,330-450-7467,,
991521472,3,Sister,Onida,762-180-1413,,
926551540,3,Mother,Korey,997-169-2991,711-271-8225,kvanarsdallq9@indiatimes.com
904939951,3,Mother,Merilee,280-785-8717,,
937052012,3,Spouse,Evie,104-459-5600,633-587-2177,eharrodqf@ucla.edu
911826610,3,Sister,Rowena,684-570-0433,,
909302796,3,Sister,Florette,720-692-3005,,
918882752,3,Mother,Abbe,476-754-9675,,
994108586,3,Sister,Jacinta,774-757-4155,,
960763274,3,Spouse,Ellswerth,794-811-3194,,
998015450,3,Spouse,Royall,169-953-6185,813-272-4494,rbeebyqw@bloglines.com
971048089,3,Spouse,Orin,364-800-0336,874-722-1113,oyurocjhinqy@ustream.tv
964189074,3,Sister,Demeter,623-635-6302,964-578-9031,dcomiamqz@facebook.com
963158952,3,Sister,Knox,404-794-0776,,
953527782,3,Brother,Arnie,738-662-7877,,
984853411,3,Father,Lemar,266-221-9809,,
916263570,3,Spouse,Nadiya,915-908-1615,,
901878148,3,Father,Walliw,994-872-0040,,
989375329,3,Brother,Sigfrid,162-555-5526,,
916767726,3,Sister,Giulia,248-185-5526,,
960138809,3,Father,Randell,500-325-7127,,
968065059,3,Sister,Glen,557-610-6526,946-101-4766,gbertrm@dropbox.com
918843500,3,Father,Annabell,255-790-6472,,
921553436,3,Father,Ced,600-398-3579,,
967995488,3,Father,Britteny,784-974-6351,610-875-3006,bleggsrp@istockphoto.com
970722615,3,Sister,Aretha,803-258-5384,598-807-6427,afishleighrq@vistaprint.com