925807598,Janette,,Guidetti,Freshman,2007,rguidetti0@qq.com,284-865-0955,22 Vidon Point,10,1,12/15/1991,abroad,3031,FALSE,842800526,Roxane,24,,1,FALSE
978621170,Vance,Meier,Greenfield,Freshman,2018,rgreenfield1@accuweather.com,470-415-2937,72 Vera Center,6,22,2/25/1997,transfered,1106,FALSE,213178582,,24,,2,FALSE
970986465,Godart,,Dashper,Freshman,2007,bdashper2@scientificamerican.com,229-713-3255,1707 Kingsford Point,8,27,5/7/1992,dropped,6957,FALSE,372196206,,14,,3,TRUE
951787550,Lisa,Mollee,Yurygyn,Freshman,2008,tyurygyn3@oaic.gov.au,815-374-0429,73 Namekagon Crossing,9,2,6/19/1992,dropped,8164,FALSE,814002327,Trude,14,,4,TRUE
930932552,Jacky,,McGuinley,Freshman,2009,kmcguinley4@admin.ch,119-671-2685,720 International Place,6,8,12/27/1990,dropped,7309,TRUE,212634477,,24,,5,TRUE
910334919,Gerry,Debee,Ratke,Freshman,2008,aratke5@ifeng.com,381-691-6185,55 Mallard Lane,3,24,2/20/1990,abroad,1112,TRUE,274437852,,14,,6,FALSE
938252798,Griff,Pail,Kneale,Freshman,2020,mkneale6@wsj.com,699-219-9456,1907 Victoria Court,5,18,8/22/1993,dropped,9967,TRUE,325321804,,7,,7,FALSE
935532679,Buckie,Jerrold,Masden,Freshman,2013,lmasden7@nasa.gov,961-761-1387,9 Morning Parkway,10,22,5/26/1995,active,1621,FALSE,603244992,Lyle,24,,8,FALSE
900197280,Brent,,Kalb,Freshman,2011,tkalb8@phoca.cz,162-840-5516,09315 Lakewood Avenue,3,20,9/29/1995,deferred,6289,FALSE,789636466,Teodoro,24,,9,TRUE
932532001,Sidoney,Latisha,Douglass,Freshman,2016,jdouglass9@nationalgeographic.com,483-475-6863,85 Moose Trail,1,37,5/14/1990,deferred,1428,FALSE,268805383,Joellen,24,,10,FALSE
936215511,Lyman,,Crosston,Freshman,2013,jcrosstona@mit.edu,650-242-6770,9766 Utah Terrace,9,20,11/14/1993,transfered,8476,FALSE,415502398,Joann,24,,11,FALSE
991140496,Cicely,Jabez,Pifford,Freshman,2004,npiffordb@dyndns.org,877-610-6216,85 Pine View Pass,1,33,12/19/1995,deferred,5099,FALSE,514926582,Nils,24,,12,TRUE
979990688,Currie,Mandi,Creser,Freshman,2010,jcreserc@linkedin.com,898-836-7433,82468 Rieder Circle,8,3,7/27/1994,dropped,4961,TRUE,625049306,,7,lol,13,TRUE
912690411,Shela,Phaidra,Gartery,Freshman,2003,rgarteryd@rakuten.co.jp,525-951-9706,845 Sunfield Street,10,11,5/25/1992,transfered,9591,FALSE,664290142,,14,,14,FALSE
960269124,Candie,Zitella,Brimacombe,Freshman,2018,abrimacombee@virginia.edu,396-530-1941,9165 Barnett Point,3,22,4/12/1988,active,5072,TRUE,789284346,,14,,15,FALSE
903308367,George,,Tabord,Freshman,2019,ttabordf@w3.org,605-471-1202,4589 Kedzie Center,8,13,11/7/1995,abroad,2456,TRUE,265011017,,24,,16,FALSE
917180934,Selma,Bernette,Iacoboni,Freshman,2010,eiacobonig@sohu.com,134-696-7777,4289 Talmadge Alley,5,1,8/9/1988,dropped,6184,TRUE,110642684,,7,,17,TRUE
932778420,Marika,Marve,Faulks,Freshman,2014,dfaulksh@ted.com,163-299-6995,5488 Superior Junction,2,28,7/29/1991,deferred,3246,TRUE,545414150,,14,,18,TRUE
973751229,Clo,Jared,Zanni,Freshman,2006,kzannii@umn.edu,118-489-0825,97 Kings Circle,10,38,12/12/1994,dropped,8917,FALSE,932473030,,24,,19,FALSE
931883219,Nyssa,,Du Fray,Freshman,2004,adufrayj@cornell.edu,860-517-4808,05 Paget Lane,10,36,1/28/1993,deferred,6015,TRUE,457112798,,24,,20,TRUE
988122748,Augustine,Maribel,Fabb,Freshman,2005,wfabbk@printfriendly.com,750-887-4253,098 Browning Place,5,1,5/7/1997,deferred,6393,FALSE,814865319,,14,,21,FALSE
913430128,Ruggiero,,Robardley,Freshman,2019,arobardleyl@uol.com.br,130-999-8336,67241 Clove Pass,1,11,3/9/1988,active,9029,TRUE,803972793,,7,,22,FALSE
992035951,Rozamond,,Killingbeck,Freshman,2005,akillingbeckm@plala.or.jp,553-495-0350,8 Weeping Birch Center,9,25,2/27/1995,abroad,3801,FALSE,941991948,,7,,23,FALSE
972112257,Stavro,,Mattingly,Freshman,2019,bmattinglyn@behance.net,190-534-9980,25829 Morrow Circle,7,21,10/20/1992,active,7966,TRUE,872909574,,7,,24,FALSE
958452911,Emmett,Araldo,Callington,Freshman,2003,scallingtono@booking.com,207-715-4590,28 Service Place,6,32,2/25/1992,transfered,6319,TRUE,628055651,Sissie,7,,25,FALSE
930599688,Hobart,,Kiledal,Freshman,2005,ekiledalp@hexun.com,304-263-6748,3529 Talmadge Point,10,28,7/16/1994,dropped,5425,FALSE,227062576,,24,,26,FALSE
933033657,Elisabeth,Anita,Juckes,Freshman,2014,pjuckesq@cdc.gov,799-837-4348,10858 Park Meadow Crossing,1,28,10/14/1993,transfered,2784,TRUE,248662083,,14,,27,FALSE
907131864,Sauveur,,Newman,Freshman,2018,anewmanr@bluehost.com,645-516-7106,6107 Haas Plaza,8,30,8/29/1997,active,7467,FALSE,167446885,,14,,28,TRUE
913315373,Anthiathia,,Balfour,Freshman,2015,ebalfours@dropbox.com,115-943-6067,174 Sunfield Hill,8,34,10/10/1995,active,9905,TRUE,956872584,,7,,29,TRUE
902831009,Quinn,,Beavington,Freshman,2010,dbeavingtont@answers.com,867-837-1716,09225 Blackbird Circle,2,28,1/20/1993,dropped,5038,TRUE,950040659,Dorian,7,,30,TRUE
945304546,Lorianna,Stanley,Karran,Freshman,2013,ekarranu@tinyurl.com,496-754-0454,114 Crescent Oaks Circle,2,38,2/8/1996,active,1827,FALSE,520551570,Evelyn,24,,31,TRUE
995463153,Lydia,Andrej,Pughsley,Freshman,2009,mpughsleyv@ebay.co.uk,276-442-1159,98 Erie Court,3,9,10/28/1994,deferred,4016,TRUE,851858245,,14,,32,TRUE
908379023,Berte,,Starmore,Freshman,2020,estarmorew@hhs.gov,665-584-7102,40 Bayside Road,2,3,9/15/1997,deferred,5842,TRUE,589167512,,7,,33,FALSE
906667752,Immanuel,Pierre,Shirer,Freshman,2018,kshirerx@parallels.com,722-503-0305,8179 Lunder Junction,1,40,4/9/1993,deferred,3565,TRUE,385993996,,24,,34,FALSE
957030083,Stormie,Kerrie,Kerwin,Freshman,2006,jkerwiny@macromedia.com,200-483-0217,17 Hudson Street,9,22,3/12/1996,active,1760,FALSE,871621902,,14,,35,FALSE
954563148,Irwinn,Fidel,Shivell,Freshman,2003,zshivellz@wix.com,436-314-6833,182 Glendale Junction,4,37,5/24/1997,dropped,3846,TRUE,694397222,,7,,36,TRUE
946606889,Cheri,Devin,Perago,Freshman,2017,rperago10@google.com.br,513-960-6671,227 Blue Bill Park Plaza,7,17,11/1/1992,transfered,6810,TRUE,540106970,Ruggiero,24,,37,TRUE
922617892,Hugo,Nick,Wase,Freshman,2014,gwase11@craigslist.org,114-625-3642,17 Nobel Center,6,22,10/16/1990,dropped,5310,FALSE,822608812,,24,,38,TRUE
922897082,Creight,Gerrie,Dibble,Freshman,2001,bdibble12@jimdo.com,759-215-5459,3293 Bay Alley,7,6,7/9/1990,active,1392,TRUE,194087199,,7,,39,FALSE
935997713,Willdon,Anabelle,Chaimson,Freshman,2002,dchaimson13@hc360.com,383-625-7823,0 Lakeland Junction,4,22,5/25/1991,active,5591,FALSE,704106076,,14,,40,FALSE
916284017,Dom,Erasmus,Jedryka,Freshman,2008,ajedryka14@dailymotion.com,835-682-1058,14 Arrowood Junction,8,23,12/31/1989,dropped,7993,TRUE,759376925,Alikee,7,,41,TRUE
961149865,Abraham,,Spofford,Freshman,2020,cspofford15@cdc.gov,539-993-9494,37491 Surrey Crossing,1,28,1/5/1995,transfered,4015,TRUE,758775806,,7,,42,FALSE
957638018,Cody,,O'Mohun,Freshman,2008,jomohun16@cbc.ca,293-656-7823,7176 Talisman Street,9,20,2/8/1988,dropped,2159,FALSE,179845167,,24,,43,FALSE
917311666,Imogen,Debra,Dunkerton,Freshman,2002,ldunkerton17@addtoany.com,804-217-8705,994 Bay Parkway,6,3,6/22/1993,dropped,2259,FALSE,958087249,Lay,14,,44,TRUE
941430822,Cassandra,Rosette,Rainy,Freshman,2008,drainy18@wufoo.com,961-933-7761,33 Truax Court,8,14,4/18/1991,dropped,7948,FALSE,281075760,Dorie,7,,45,FALSE
935396967,Mallorie,Darwin,Mathieu,Freshman,2015,emathieu19@comsenz.com,860-480-1441,19 Lukken Circle,9,8,10/8/1995,dropped,1202,FALSE,194723209,Everett,7,lol,46,FALSE
995302216,Salli,Addy,Palia,Freshman,2018,apalia1a@statcounter.com,247-569-9212,41 Nevada Court,4,18,12/31/1997,abroad,2300,FALSE,305242215,,24,lol,47,FALSE
977856230,Nat,Joyan,Burnitt,Freshman,2016,dburnitt1b@is.gd,643-672-2157,3 Anzinger Circle,6,11,10/7/1996,abroad,6836,FALSE,472763892,,24,,48,TRUE
947552603,Kendall,,Critzen,Freshman,2018,rcritzen1c@squarespace.com,327-139-1000,58 Almo Parkway,1,6,5/24/1992,transfered,8150,TRUE,994771627,,7,,49,FALSE
927870094,Westleigh,Laurent,Cahani,Freshman,2000,bcahani1d@netscape.com,630-398-0986,2663 Vernon Junction,4,37,1/15/1993,active,7196,FALSE,258868145,,14,,50,TRUE
987379237,Tanya,Lyndsay,Spuner,Freshman,2017,aspuner1e@soundcloud.com,817-698-0546,098 Lotheville Trail,6,37,5/13/1988,active,3945,TRUE,359579697,,7,,51,FALSE
917770234,Felix,Laurice,Pulver,Freshman,2009,mpulver1f@imageshack.us,219-128-6415,4 John Wall Alley,4,25,3/6/1990,active,5504,FALSE,622245215,Meagan,14,lol,52,FALSE
937015457,Reinaldos,Karilynn,Bogges,Freshman,2004,cbogges1g@auda.org.au,468-807-8021,9 Sunnyside Point,4,30,7/8/1990,abroad,9808,TRUE,967898708,,7,,53,FALSE
980163301,Nicholle,Jennilee,Nisot,Freshman,2005,cnisot1h@ehow.com,629-549-3483,33 Artisan Terrace,4,4,2/18/1992,transfered,1081,FALSE,494003074,,14,,54,FALSE
977663044,Moyra,Bengt,Hurdiss,Freshman,2014,ghurdiss1i@fda.gov,208-172-7588,11 Burning Wood Drive,10,36,2/8/1993,abroad,2877,TRUE,866054261,,24,,55,TRUE
960175195,Giulio,,Tomek,Freshman,2000,vtomek1j@biblegateway.com,557-316-7938,68 Hoepker Park,3,9,7/18/1988,deferred,9612,FALSE,308071245,Vivien,24,,56,TRUE
969086767,Dorita,Teodora,Iczokvitz,Freshman,2016,siczokvitz1k@google.cn,539-801-1116,72 Roth Lane,1,1,5/23/1989,deferred,4435,FALSE,380561796,,24,,57,FALSE
947353441,Rachele,Hunter,Fozard,Freshman,2015,lfozard1l@angelfire.com,162-378-5709,3017 Steensland Center,7,37,7/31/1992,dropped,3280,TRUE,564271964,,7,,58,TRUE
927783107,Eula,Tallie,Leneve,Freshman,2006,mleneve1m@51.la,922-737-8523,61 6th Park,1,24,11/13/1991,active,4254,FALSE,926334939,,7,,59,FALSE
913247396,Merrill,Foster,Rahill,Freshman,2019,trahill1n@mit.edu,313-784-7085,4 Carpenter Alley,5,7,7/19/1992,transfered,9597,TRUE,547530708,,14,,60,FALSE
920276206,Durand,Rudiger,Claeskens,Freshman,2006,oclaeskens1o@csmonitor.com,694-372-5317,292 Manley Circle,7,4,2/11/1989,active,4105,TRUE,225420566,Ofilia,24,,61,FALSE
972729920,Rina,,Delgardillo,Freshman,2011,mdelgardillo1p@i2i.jp,235-655-9612,552 Waubesa Parkway,5,31,4/3/1994,dropped,4495,TRUE,663821854,,7,,62,FALSE
952144017,Josy,Gustavo,Leworthy,Freshman,2011,cleworthy1q@topsy.com,572-714-2677,27 Mccormick Avenue,2,18,1/25/1997,abroad,4390,TRUE,650979764,,24,,63,FALSE
913299105,Irwinn,Theobald,Gaul,Freshman,2007,qgaul1r@npr.org,352-553-0042,53031 Jackson Crossing,5,26,9/2/1995,dropped,7527,TRUE,861747914,,14,,64,FALSE
979554136,Kalinda,Cati,Banister,Freshman,2003,sbanister1s@pen.io,943-634-8043,70 Kennedy Parkway,2,13,3/17/1997,active,9518,TRUE,916722816,,7,,65,FALSE
954835766,Andonis,Lucinda,Flight,Freshman,2006,cflight1t@alexa.com,756-264-6089,01175 Autumn Leaf Lane,10,9,7/25/1996,abroad,4804,TRUE,917356870,Cozmo,7,,66,TRUE
989509694,Hewie,,Shadbolt,Freshman,2014,mshadbolt1u@kickstarter.com,702-881-8149,5 Sachtjen Terrace,5,1,8/11/1989,dropped,2818,FALSE,504543135,,24,,67,TRUE
922444289,Nobie,Melisande,Delooze,Freshman,2004,rdelooze1v@walmart.com,173-983-2399,22118 Petterle Parkway,2,31,9/4/1989,abroad,5887,TRUE,454696273,,14,,68,FALSE
988674654,Chiarra,Caron,Hendrickx,Freshman,2012,hhendrickx1w@home.pl,928-814-2366,9979 Brown Hill,6,27,9/13/1992,deferred,4596,TRUE,698528748,,24,,69,TRUE
926459255,Karine,,Strete,Freshman,2006,gstrete1x@state.gov,279-303-5361,639 Cherokee Road,10,4,4/27/1993,abroad,3860,FALSE,860898765,,14,,70,TRUE
962320573,Tilda,Heywood,Gunson,Freshman,2008,lgunson1y@google.pl,680-407-6684,65638 Daystar Street,3,20,1/22/1991,dropped,8923,FALSE,866152208,Lauri,24,lol,71,TRUE
944891610,Farrah,,Brumham,Freshman,2002,fbrumham1z@army.mil,401-885-1953,5893 Forster Park,10,31,8/18/1992,dropped,2086,TRUE,705384269,Farrel,14,,72,TRUE
976966752,Lyon,Diann,Sprionghall,Freshman,2018,zsprionghall20@newyorker.com,905-478-8465,7873 Express Avenue,2,39,8/27/1988,active,3636,FALSE,479524005,,14,,73,FALSE
981610306,Ludovico,,Starrs,Freshman,2000,jstarrs21@wisc.edu,132-125-5767,3 Bayside Way,1,3,3/23/1995,active,6129,TRUE,585485928,,14,,74,TRUE
974506834,Thornie,Sigvard,Tingey,Freshman,2013,ntingey22@storify.com,497-980-6143,1 Carey Drive,1,35,10/14/1990,deferred,6144,FALSE,569327441,,14,lol,75,FALSE
925465866,Bab,Stacie,Done,Freshman,2005,rdone23@barnesandnoble.com,970-275-7893,2 Village Parkway,6,6,11/13/1993,abroad,8291,FALSE,951196706,,14,,76,TRUE
973084614,Johnathan,Poul,Netherclift,Freshman,2020,mnetherclift24@devhub.com,177-775-6390,35406 Washington Lane,9,8,4/18/1988,abroad,2948,TRUE,637249619,,14,,77,FALSE
902215880,Camey,,Louiset,Freshman,2017,mlouiset25@bbc.co.uk,247-680-4830,04442 Spaight Avenue,2,11,10/25/1996,abroad,6544,FALSE,691153947,,7,,78,FALSE
981714863,Cooper,,Persitt,Freshman,2017,spersitt26@npr.org,746-658-9282,0144 8th Alley,9,7,5/15/1997,transfered,8203,TRUE,896814725,,24,,79,TRUE
940865758,Marlyn,,Littleover,Freshman,2018,plittleover27@icq.com,699-820-6614,16168 Green Plaza,7,29,2/25/1991,abroad,9143,TRUE,212742901,,24,,80,TRUE
978503605,Tessa,Kanya,Camilli,Freshman,2000,dcamilli28@statcounter.com,542-936-5513,08 Susan Park,1,39,2/25/1992,active,9671,TRUE,924374792,Dione,7,,81,TRUE
957743536,Meg,,Bartod,Freshman,2007,kbartod29@jigsy.com,241-693-1386,358 Bartelt Trail,10,10,2/9/1994,abroad,1768,TRUE,441763200,Kathleen,24,,82,FALSE
966136529,Bud,,Gallamore,Freshman,2013,pgallamore2a@indiegogo.com,142-772-4899,69786 Northport Circle,8,22,4/15/1994,abroad,1862,FALSE,999443945,,7,,83,TRUE
948543065,Ralph,,Hallows,Freshman,2013,jhallows2b@dailymail.co.uk,966-480-5393,42 Upham Street,8,2,12/18/1988,abroad,6229,FALSE,131924426,Joscelin,24,,84,FALSE
988754612,Mason,Jonathan,Murricanes,Freshman,2005,mmurricanes2c@mashable.com,216-767-2868,33422 Chive Crossing,9,15,3/9/1991,dropped,8311,TRUE,215128004,,24,,85,FALSE
937016838,Philip,Bartlet,Mattingson,Freshman,2014,cmattingson2d@java.com,121-665-5373,555 Tennyson Place,8,32,6/2/1994,dropped,5398,FALSE,493750273,,7,,86,FALSE
975632854,Alair,,Doeg,Freshman,2020,mdoeg2e@nsw.gov.au,951-707-2198,8 Independence Court,2,22,11/7/1994,abroad,5832,FALSE,765028654,,7,,87,TRUE
912324280,Iseabal,Merrile,Tembridge,Freshman,2016,ctembridge2f@nytimes.com,930-403-5891,674 Farwell Crossing,1,11,12/19/1992,active,7196,FALSE,731019060,,14,,88,FALSE
922590827,Culley,Pooh,Al Hirsi,Freshman,2003,talhirsi2g@washington.edu,238-649-0993,4 Basil Plaza,8,12,2/4/1995,active,4404,FALSE,160495270,Thatcher,7,,89,FALSE
927278381,Darius,Curran,Skelhorn,Freshman,2015,kskelhorn2h@usnews.com,449-430-8660,25 Gale Court,9,35,11/22/1997,dropped,2317,TRUE,201078135,,7,,90,FALSE
904532785,Veriee,,Cracknell,Freshman,2010,mcracknell2i@wsj.com,352-819-1985,18649 Spohn Way,3,6,7/18/1989,abroad,7663,FALSE,577244376,Moira,7,,91,FALSE
965087270,Arlette,Layla,Leap,Freshman,2001,mleap2j@hubpages.com,541-585-2945,91260 Bunker Hill Street,4,30,3/20/1994,dropped,6160,TRUE,487296652,,7,,92,TRUE
914467293,Zacherie,Drucy,Pinnijar,Freshman,2020,jpinnijar2k@goodreads.com,658-334-5640,3 Schurz Plaza,4,33,9/24/1989,deferred,6286,FALSE,894348327,,14,,93,TRUE
975748119,Langston,Langsdon,Lawleff,Freshman,2018,clawleff2l@cmu.edu,215-267-6831,56 Sutteridge Lane,2,38,1/21/1992,active,6040,TRUE,266525635,,24,,94,FALSE
988317078,Dulciana,Gabriela,Jiggen,Freshman,2008,ijiggen2m@ask.com,145-332-0644,811 Hallows Point,10,2,5/20/1995,active,6346,TRUE,674284802,,14,,95,FALSE
976581787,Tansy,Cecile,Dussy,Freshman,2002,kdussy2n@ox.ac.uk,308-478-4347,91 Main Way,9,29,2/10/1992,deferred,3161,TRUE,744237270,,24,,96,FALSE
967090363,Saunder,Catlee,Blasing,Freshman,2000,wblasing2o@earthlink.net,578-575-0899,86870 Logan Lane,9,38,2/23/1996,dropped,9115,TRUE,565898189,,7,,97,TRUE
903103707,Stephenie,Prisca,Dust,Freshman,2012,sdust2p@zimbio.com,872-823-2903,0 Scofield Terrace,2,14,11/11/1996,active,1349,FALSE,935841431,,24,,98,TRUE
985573076,Libby,,Carwardine,Freshman,2000,wcarwardine2q@nature.com,589-338-5319,13810 Blue Bill Park Center,10,34,7/15/1994,transfered,6631,TRUE,321674370,Wilow,14,,99,TRUE
908239625,Clayson,Marysa,Carlyon,Freshman,2019,mcarlyon2r@java.com,921-170-8573,8989 La Follette Trail,8,40,4/16/1988,active,9224,FALSE,845506754,Meta,14,,100,FALSE
924421440,Nat,,Bourthoumieux,Freshman,2008,mbourthoumieux2s@lycos.com,130-511-3836,549 Fulton Place,4,27,3/29/1996,active,2816,FALSE,508782051,,14,,101,TRUE
902068183,Dacia,Gerhardt,Hallows,Freshman,2007,mhallows2t@gmpg.org,508-668-1638,710 Westend Junction,1,10,8/20/1993,abroad,4713,TRUE,379696604,,24,,102,TRUE
916342844,Westley,Elka,Lathaye,Freshman,2019,clathaye2u@sitemeter.com,720-633-4127,30 Emmet Trail,2,2,12/14/1996,transfered,7814,TRUE,967592411,,7,,103,TRUE
954633468,Allyn,Adelind,McIlhagga,Freshman,2006,jmcilhagga2v@goo.gl,721-666-1225,61 Armistice Circle,1,12,10/9/1996,dropped,8427,TRUE,709381960,,24,,104,FALSE
913084453,Isadora,Daven,De Gouy,Freshman,2007,cdegouy2w@mapquest.com,277-958-6168,818 Mccormick Way,6,3,3/23/1989,transfered,4694,TRUE,616782533,,7,,105,TRUE
940418458,Tremayne,Angil,Lehenmann,Freshman,2001,ilehenmann2x@t.co,555-656-2511,4628 Toban Hill,3,35,4/17/1993,abroad,2024,FALSE,991518496,,24,,106,FALSE
944148866,Dyane,Reinwald,Grizard,Freshman,2001,cgrizard2y@homestead.com,837-680-1315,20 Novick Alley,10,6,11/16/1996,transfered,2718,TRUE,212163045,Camile,14,,107,TRUE
945173090,Sharl,Park,Howler,Freshman,2011,dhowler2z@xrea.com,700-346-3172,359 Dexter Lane,5,15,2/11/1994,dropped,8828,FALSE,879597128,,14,,108,TRUE
943356214,Diahann,Irina,Chetwin,Freshman,2016,mchetwin30@google.pl,749-855-3048,84 Service Way,1,40,10/27/1990,deferred,3760,FALSE,787552921,,24,,109,FALSE
910798927,Hewie,Shaun,Gillatt,Freshman,2005,pgillatt31@canalblog.com,248-844-7000,76 Bluestem Drive,9,23,2/22/1993,dropped,9147,FALSE,502678177,,7,,110,TRUE
945353798,Anselma,Kelcy,Hoyte,Freshman,2018,khoyte32@surveymonkey.com,404-785-6347,66 High Crossing Crossing,4,1,7/20/1988,deferred,3696,TRUE,599404163,,7,,111,FALSE
970162625,Butch,,Stallworth,Freshman,2014,pstallworth33@themeforest.net,448-588-0251,87817 Ryan Terrace,1,9,11/3/1991,transfered,6350,FALSE,218385063,,14,,112,TRUE
924718853,Trudie,,Paulucci,Freshman,2009,hpaulucci34@weibo.com,234-847-2965,376 Hansons Lane,8,33,4/7/1989,transfered,7164,FALSE,391823903,,7,,113,FALSE
929520917,Cart,Ramonda,Alven,Freshman,2008,ealven35@wordpress.org,726-707-3569,26 International Crossing,9,8,1/5/1997,active,4523,FALSE,715266094,,14,,114,TRUE
995155510,Creigh,,Frankham,Freshman,2010,pfrankham36@aol.com,979-842-5789,52 Tennessee Point,5,9,10/26/1990,deferred,6542,FALSE,503233278,,24,,115,TRUE
917570721,Duncan,Jeannine,Sommer,Freshman,2004,csommer37@scribd.com,504-892-9679,3 Monument Park,8,18,10/11/1996,abroad,2810,TRUE,378503436,Calypso,24,,116,FALSE
974239433,Amalee,Ali,Baldree,Freshman,2014,kbaldree38@wikipedia.org,364-463-9927,11 Schmedeman Junction,2,1,12/26/1989,deferred,6799,FALSE,476903813,Kinna,24,,117,TRUE
941264845,Ken,Juli,Sweeney,Freshman,2006,ssweeney39@shareasale.com,431-198-7898,617 Hermina Hill,4,8,3/4/1995,active,9814,FALSE,136246252,Sabina,7,lol,118,TRUE
993639468,Harper,Gillan,Wrout,Freshman,2010,fwrout3a@people.com.cn,998-886-9933,377 6th Alley,6,2,12/18/1991,deferred,2720,TRUE,737382933,,24,lol,119,FALSE
995464809,Worthington,Rafa,McLemon,Freshman,2004,dmclemon3b@webeden.co.uk,818-142-6443,563 Carioca Parkway,4,30,1/31/1992,deferred,5109,TRUE,168034593,,14,,120,TRUE
960960603,Kary,Bat,McDermot,Freshman,2000,emcdermot3c@4shared.com,179-775-9851,5357 Corben Junction,5,17,5/2/1997,abroad,8149,TRUE,680038366,,14,,121,FALSE
947955160,Tobit,,Parkisson,Freshman,2014,cparkisson3d@npr.org,683-759-0768,90239 Meadow Vale Plaza,10,10,6/16/1994,dropped,3874,TRUE,295405988,,14,,122,FALSE
998532017,Gretal,Reynolds,Hayford,Freshman,2016,rhayford3e@nyu.edu,407-151-4487,6 Derek Court,3,35,1/19/1994,transfered,9975,TRUE,202352857,,24,,123,FALSE
985310855,Cortney,,Fishbourn,Freshman,2007,gfishbourn3f@123-reg.co.uk,532-463-9293,00 Maryland Way,10,12,12/12/1991,transfered,2548,FALSE,476336656,,24,,124,TRUE
982749551,Vivianna,,Barfoot,Freshman,2000,nbarfoot3g@jalbum.net,342-148-4669,7055 Maple Lane,5,26,5/11/1993,deferred,8109,FALSE,202646078,,7,,125,TRUE
926187928,Biddie,,Mathivat,Freshman,2020,cmathivat3h@tamu.edu,316-135-8343,38837 Shasta Center,4,29,9/12/1996,abroad,6415,TRUE,397248484,,24,,126,FALSE
927472474,Charlot,Idette,Garey,Freshman,2000,tgarey3i@tripadvisor.com,184-345-3624,8762 Superior Pass,5,4,4/11/1989,active,1342,TRUE,694004720,,24,,127,TRUE
958192285,Lanie,,Giamitti,Freshman,2019,ngiamitti3j@google.cn,676-763-8779,551 American Center,6,8,12/14/1989,dropped,4451,FALSE,494816608,,14,,128,TRUE
917241556,Adey,Chariot,Riddall,Freshman,2020,criddall3k@e-recht24.de,763-739-5616,146 Debs Court,5,12,9/21/1993,dropped,9890,FALSE,311424656,,14,,129,FALSE
954737637,Ertha,Perry,Michelmore,Freshman,2017,umichelmore3l@last.fm,534-829-0458,9444 Moose Junction,1,30,7/3/1990,abroad,8908,TRUE,177805084,,24,,130,FALSE
978533187,Hyman,,Pulteneye,Freshman,2013,kpulteneye3m@bbb.org,255-228-7221,9767 Cordelia Terrace,10,10,11/11/1988,abroad,3365,TRUE,194058918,,7,,131,FALSE
964124582,Jermayne,Margot,Shillaber,Freshman,2002,mshillaber3n@amazon.de,318-916-0421,0 Iowa Point,1,29,7/23/1994,abroad,2491,TRUE,272321531,,14,,132,FALSE
995449963,Francoise,Klara,Tinsley,Freshman,2016,ttinsley3o@free.fr,217-721-6572,687 Montana Lane,1,8,10/5/1995,abroad,7970,TRUE,341184066,,24,,133,FALSE
970457878,Alphard,Linc,Dodgshon,Freshman,2005,ddodgshon3p@sciencedaily.com,499-691-8993,860 Katie Drive,5,26,1/28/1988,transfered,1681,TRUE,212057008,,24,,134,FALSE
984088920,Virgil,Eveleen,McKenney,Freshman,2010,cmckenney3q@pinterest.com,926-421-7859,17 Mariners Cove Circle,3,25,5/15/1991,deferred,7652,TRUE,491475627,Cord,14,,135,FALSE
969294899,Opalina,Rolando,Huntall,Freshman,2001,ehuntall3r@auda.org.au,322-720-5255,8383 Springview Hill,8,23,12/14/1992,deferred,6632,TRUE,102376243,,7,,136,TRUE
918653420,Vale,Odelle,Lohan,Freshman,2013,nlohan3s@netscape.com,677-485-0362,7021 Ramsey Drive,2,4,12/1/1996,dropped,5149,TRUE,356962184,,7,,137,FALSE
919730468,Bradly,Meir,Titterrell,Freshman,2019,btitterrell3t@imdb.com,335-940-8820,2 Manley Road,4,7,6/29/1991,active,6186,FALSE,288789270,,14,,138,TRUE
918740880,Earvin,,Cescot,Freshman,2005,fcescot3u@arizona.edu,353-412-5610,25768 Golf Pass,5,35,7/18/1988,transfered,9933,FALSE,710828744,Finn,24,,139,FALSE
958191566,Horatia,Esta,Hatherleigh,Freshman,2017,lhatherleigh3v@flickr.com,152-614-9341,20054 Kenwood Street,1,27,3/30/1996,deferred,9847,FALSE,544808748,,24,,140,TRUE
915114999,Veronike,Lennie,Doram,Freshman,2012,ndoram3w@pagesperso-orange.fr,666-739-1290,6797 Division Street,3,17,9/14/1996,dropped,1837,FALSE,634576798,,14,,141,TRUE
932444545,Craggie,,Goatman,Freshman,2013,egoatman3x@bigcartel.com,505-431-0531,411 Iowa Junction,1,11,10/1/1989,active,3710,TRUE,608332286,,7,lol,142,FALSE
982099981,Kahaleel,Joscelin,Gofforth,Freshman,2001,fgofforth3y@opera.com,173-469-0333,921 Esker Lane,10,40,10/1/1996,active,7046,TRUE,976600589,Ferguson,7,,143,TRUE
926371388,Clementina,,Nussgen,Freshman,2000,enussgen3z@ibm.com,176-122-1444,7 Pierstorff Circle,8,19,11/9/1995,abroad,5148,FALSE,853886033,,7,,144,TRUE
941360600,Vic,Araldo,Doulton,Freshman,2002,fdoulton40@sciencedirect.com,552-639-3769,5178 Morrow Alley,10,9,11/3/1995,abroad,3037,FALSE,722972606,,24,,145,TRUE
976769569,Benedict,Chloe,Rodrigo,Freshman,2006,nrodrigo41@wikispaces.com,588-348-0303,79877 Sherman Crossing,1,14,4/29/1992,deferred,3849,FALSE,438925913,,14,,146,TRUE
979669149,Andras,Delano,Wemyss,Freshman,2018,jwemyss42@skyrock.com,583-470-2442,52257 Glacier Hill Drive,10,11,1/1/1996,deferred,3639,FALSE,690396246,,7,,147,FALSE
921409646,Abby,Stearn,Cridlon,Freshman,2005,acridlon43@ovh.net,881-663-4631,42037 Johnson Parkway,2,26,5/18/1991,deferred,4785,TRUE,887229338,,24,,148,FALSE
997878432,Charo,Felipe,Crisford,Freshman,2011,dcrisford44@timesonline.co.uk,211-772-2191,4 Havey Circle,2,16,1/14/1992,deferred,9770,FALSE,744923618,Dusty,14,,149,FALSE
974280137,Colleen,,Pennuzzi,Freshman,2015,ypennuzzi45@imdb.com,286-797-4574,2 Lighthouse Bay Point,2,8,11/10/1990,active,8146,FALSE,642713574,,14,,150,FALSE
982114628,Sherye,Allister,Webburn,Freshman,2000,rwebburn46@ed.gov,772-505-5013,71948 Duke Drive,2,32,4/28/1995,transfered,4563,TRUE,913616372,Ranna,7,,151,TRUE
912383272,Saw,,Trewinnard,Freshman,2000,atrewinnard47@squidoo.com,764-958-7076,697 Bunker Hill Place,2,17,1/23/1993,transfered,3267,FALSE,562915024,,7,,152,TRUE
952458982,Melinde,Garwood,Curless,Freshman,2009,dcurless48@theguardian.com,430-950-3153,822 Comanche Plaza,2,12,4/7/1990,abroad,3785,FALSE,624648383,,24,,153,TRUE
905184308,Ciel,Hallsy,Rosendale,Freshman,2020,wrosendale49@jiathis.com,299-522-3866,9 Westridge Court,10,27,7/20/1994,dropped,8564,FALSE,978563736,Wallis,7,,154,TRUE
980429569,Bernelle,Felicia,Tomasutti,Freshman,2003,atomasutti4a@blogger.com,773-909-8488,1087 Eastwood Court,9,2,7/14/1993,dropped,6681,TRUE,751750071,Alessandra,7,,155,TRUE
926606862,Cesare,Wakefield,Reggiani,Freshman,2016,nreggiani4b@merriam-webster.com,914-124-5208,587 Vera Alley,9,39,11/2/1997,abroad,6747,FALSE,748673176,,14,,156,FALSE
910276423,Major,Vanna,Howorth,Freshman,2005,choworth4c@cnn.com,467-107-5843,68 Crescent Oaks Drive,1,40,7/1/1992,deferred,5937,TRUE,779406153,Constancy,14,,157,FALSE
962338607,Emelina,Libby,Stansell,Freshman,2004,astansell4d@taobao.com,805-752-4257,1294 Farmco Street,7,29,6/25/1994,active,6919,FALSE,105429341,Aurelie,14,,158,FALSE
927225746,Ronnica,Tudor,Turnock,Freshman,2009,kturnock4e@gnu.org,166-576-8102,46715 Jenifer Avenue,1,31,10/31/1989,transfered,7204,FALSE,205235579,,14,,159,TRUE
986335444,Marylinda,Wilfred,Plume,Freshman,2019,gplume4f@hao123.com,657-447-8903,7 Everett Crossing,1,31,2/19/1997,abroad,3894,TRUE,641674846,,14,,160,TRUE
930870384,Georas,Harmonia,Barratt,Freshman,2013,sbarratt4g@businesswire.com,963-399-5164,795 Marcy Terrace,3,19,2/14/1990,transfered,3728,TRUE,260384753,,14,,161,FALSE
999905526,Cameron,,Spray,Freshman,2015,sspray4h@ycombinator.com,988-879-1297,0 Oakridge Way,2,12,2/27/1996,abroad,9924,TRUE,615655518,,14,lol,162,TRUE
901389677,Arri,Sam,Charters,Freshman,2000,icharters4i@youtu.be,138-810-0706,80 Monument Alley,2,2,3/22/1997,dropped,5172,TRUE,694738955,,14,,163,FALSE
920359527,Amalle,,Rehor,Freshman,2015,srehor4j@dedecms.com,523-800-1832,8024 Algoma Road,1,38,11/12/1989,deferred,1551,FALSE,387732764,,14,,164,FALSE
965049085,Anjela,Wylma,Bloxholm,Freshman,2003,mbloxholm4k@sciencedirect.com,486-885-1994,7613 Anzinger Crossing,8,13,7/6/1994,active,9623,FALSE,340357982,,14,,165,FALSE
902853445,Orv,Ann-marie,Iban,Freshman,2017,niban4l@narod.ru,264-610-7919,4 Crescent Oaks Terrace,2,28,4/11/1989,active,3212,TRUE,757625087,,24,,166,TRUE
972206083,Bettye,,Al Hirsi,Freshman,2011,calhirsi4m@discovery.com,554-719-5417,63049 Del Sol Trail,10,7,8/20/1992,transfered,8029,TRUE,436143367,,24,,167,TRUE
909085417,Javier,Kaleb,Bruckstein,Freshman,2000,sbruckstein4n@photobucket.com,296-252-9435,5 Larry Drive,8,6,1/21/1988,dropped,6165,TRUE,205747031,,14,,168,FALSE
990200338,Eleonora,Jenifer,Emmitt,Freshman,2017,pemmitt4o@illinois.edu,297-250-1054,164 Spenser Alley,3,10,4/15/1989,abroad,1677,FALSE,489308615,,7,,169,FALSE
922452674,Melony,,Gerding,Freshman,2018,rgerding4p@yellowpages.com,782-201-5363,7 Melody Plaza,9,9,9/23/1997,active,2950,FALSE,173934133,,7,,170,FALSE
938369460,Torrie,Paddie,Hagan,Freshman,2011,fhagan4q@google.es,120-356-0415,734 Fulton Road,5,23,7/13/1992,abroad,7370,TRUE,667078926,,24,,171,TRUE
974737919,Gertie,,Aplin,Freshman,2009,raplin4r@fotki.com,782-588-1768,2008 Bultman Avenue,7,14,4/19/1988,abroad,4657,TRUE,830661041,,24,,172,FALSE
921082996,Blinnie,Quill,Ellerby,Freshman,2005,jellerby4s@sakura.ne.jp,243-862-0335,726 Continental Avenue,8,37,4/1/1996,transfered,7487,TRUE,245070924,,14,,173,TRUE
919822254,Hale,Ashely,Birtles,Freshman,2017,cbirtles4t@patch.com,951-896-9409,34 Dovetail Park,8,40,8/21/1991,transfered,7863,TRUE,962006649,Crissie,24,,174,FALSE
902127598,Kienan,Zerk,Raffon,Freshman,2013,rraffon4u@friendfeed.com,255-263-0556,4187 Little Fleur Terrace,7,7,3/24/1991,abroad,6823,FALSE,641798195,,14,,175,FALSE
965439155,Gerry,,Henaughan,Freshman,2010,ahenaughan4v@zimbio.com,766-577-9275,28 Sundown Street,2,17,4/10/1996,dropped,8560,TRUE,136089687,,14,,176,TRUE
999370823,Karisa,Angelica,Zamudio,Freshman,2010,lzamudio4w@blogs.com,931-370-3262,2094 Oriole Hill,8,2,12/3/1988,active,6988,TRUE,790894410,,7,,177,FALSE
981270143,Amble,Carroll,Wolfers,Freshman,2005,cwolfers4x@who.int,556-780-8702,58 Tomscot Pass,2,11,8/7/1990,abroad,9454,FALSE,215911313,,24,,178,TRUE
986033795,Nadia,Vincent,Woollons,Freshman,2011,ewoollons4y@china.com.cn,739-113-9222,1 Toban Center,4,12,10/15/1995,active,7601,TRUE,853943829,,24,,179,FALSE
980714413,Harmonie,Murial,Chattelaine,Freshman,2019,gchattelaine4z@discovery.com,313-491-2206,62239 Transport Plaza,9,39,3/12/1996,dropped,1686,TRUE,169011902,,7,,180,TRUE
991633276,Rebe,Gradey,Cotterell,Freshman,2016,ccotterell50@xrea.com,438-457-6034,17785 Anniversary Terrace,3,22,2/15/1989,deferred,9871,FALSE,614909039,Clementina,7,,181,TRUE
938854406,Perle,,Alp,Freshman,2012,malp51@jimdo.com,296-486-2563,896 Bayside Center,4,5,3/17/1997,transfered,1661,TRUE,335397196,,24,,182,FALSE
987283852,Ebony,,Hutchings,Freshman,2007,jhutchings52@indiegogo.com,210-375-8082,57071 Daystar Place,3,11,8/28/1997,abroad,9826,TRUE,492198262,,14,,183,FALSE
944327885,Vittoria,Finley,Pedrazzi,Freshman,2008,apedrazzi53@meetup.com,801-288-6325,857 Di Loreto Hill,2,30,9/4/1993,deferred,9113,TRUE,735318392,,14,,184,FALSE
976345191,Rafael,,Staneland,Freshman,2007,kstaneland54@phpbb.com,679-447-2106,2 Eastwood Place,5,6,5/20/1994,deferred,8732,TRUE,765969758,Kelly,14,,185,FALSE
993584479,Celesta,Osgood,Whibley,Freshman,2018,rwhibley55@meetup.com,640-733-3276,4 Gulseth Court,4,6,3/14/1995,dropped,7883,TRUE,467053719,,24,,186,FALSE
908084775,Kendra,Simonne,Sellar,Freshman,2012,asellar56@webmd.com,434-594-5790,1517 4th Pass,7,35,12/10/1991,dropped,1233,FALSE,663503780,,7,,187,FALSE
912430191,Wren,Rabbi,Wasselin,Freshman,2019,mwasselin57@vkontakte.ru,904-351-6552,211 Eagan Pass,1,25,8/31/1990,abroad,8075,FALSE,441819121,Mitchell,24,,188,FALSE
906817815,Nadya,Chalmers,Poundford,Freshman,2000,bpoundford58@icq.com,984-939-9130,094 Briar Crest Lane,4,13,4/28/1990,active,5302,TRUE,695009903,,24,,189,TRUE
906130739,Etienne,,Hartil,Freshman,2009,rhartil59@google.com,800-603-8796,58 Esker Center,6,34,12/21/1992,abroad,9565,FALSE,774155718,,14,,190,FALSE
997955298,Cissy,Flo,Garvan,Freshman,2008,ggarvan5a@miitbeian.gov.cn,621-408-9046,353 Charing Cross Junction,10,29,2/25/1990,transfered,9374,FALSE,281012291,Gene,7,lol,191,FALSE
983724868,Teirtza,,Soldan,Freshman,2002,nsoldan5b@paypal.com,105-123-1830,0 Orin Park,5,19,7/22/1996,deferred,5923,FALSE,927126284,Nicko,7,,192,FALSE
907992423,Darcey,Vaughn,Chipping,Freshman,2008,vchipping5c@phoca.cz,948-135-3906,995 Coolidge Park,9,29,10/8/1995,transfered,1030,TRUE,930911917,,14,,193,TRUE
957231128,Hank,Hilary,Pringour,Freshman,2019,lpringour5d@go.com,749-130-3469,3 Lakewood Parkway,7,12,2/3/1990,transfered,2292,FALSE,198473921,,24,,194,FALSE
982631601,Townsend,Jon,Sparshatt,Freshman,2020,esparshatt5e@eventbrite.com,643-825-5855,578 Jenifer Circle,1,5,1/13/1990,active,2038,FALSE,281600725,,7,,195,TRUE
961900375,Christy,Ardelia,Naisbet,Freshman,2000,lnaisbet5f@army.mil,859-243-0544,2 Crescent Oaks Park,1,29,7/30/1996,dropped,1933,FALSE,707744673,,24,,196,FALSE
997525699,Darbie,Glenn,Scotts,Freshman,2000,jscotts5g@techcrunch.com,897-465-2661,4420 Mitchell Place,3,3,1/31/1996,deferred,4834,TRUE,517075047,,24,,197,FALSE
905326388,Wynny,Everett,Gillatt,Freshman,2016,pgillatt5h@mac.com,739-395-0987,45 Schiller Trail,3,22,10/8/1990,dropped,1548,FALSE,131809800,,7,,198,TRUE
924432279,Dean,,Broadbere,Freshman,2006,cbroadbere5i@whitehouse.gov,469-809-3082,75735 Logan Lane,2,25,12/27/1992,dropped,3160,TRUE,832381572,,7,,199,FALSE
963632651,Ellerey,Pat,Lorens,Freshman,2017,dlorens5j@google.es,185-987-8883,29165 Ronald Regan Pass,2,16,5/30/1990,active,6733,TRUE,590678992,,24,,200,TRUE
935997691,Thedrick,Gery,Bienvenu,Freshman,2012,kbienvenu5k@xrea.com,541-617-5184,894 Village Lane,8,16,1/9/1993,deferred,7429,FALSE,559420402,,14,,201,TRUE
908925940,Kelcy,Berthe,Olliff,Freshman,2016,holliff5l@alibaba.com,840-338-7445,6 Delladonna Drive,4,31,8/12/1993,deferred,8030,FALSE,926559875,Harcourt,24,,202,FALSE
936205036,Ursala,Gerladina,Irnis,Freshman,2001,mirnis5m@nyu.edu,715-808-6230,03 Holmberg Parkway,4,28,12/3/1989,deferred,8209,TRUE,639915977,Mischa,14,,203,TRUE
915907769,Randy,,Castella,Freshman,2014,ccastella5n@wordpress.com,542-343-2887,6 Heffernan Terrace,8,24,8/8/1997,dropped,8729,FALSE,752487636,Carlyn,24,,204,FALSE
976817337,Myrlene,Rosemonde,Winkett,Freshman,2009,swinkett5o@nifty.com,938-755-4028,35 Di Loreto Parkway,4,18,3/3/1995,active,6540,FALSE,122271094,,14,,205,TRUE
915275664,Dean,Derek,Bage,Freshman,2020,nbage5p@loc.gov,631-738-1374,8349 Gerald Junction,4,29,3/18/1997,transfered,2759,TRUE,669581060,North,7,,206,FALSE
922235874,Lloyd,,Donati,Freshman,2014,gdonati5q@list-manage.com,690-398-0726,21557 Melody Place,6,8,4/4/1988,transfered,9993,TRUE,726652859,,24,lol,207,FALSE
988833082,Hercules,Karoly,Friese,Freshman,2011,nfriese5r@people.com.cn,386-251-0125,5946 Meadow Valley Road,6,16,6/16/1994,active,7953,FALSE,797307888,,24,,208,TRUE
948771864,Claudetta,Christean,Leece,Freshman,2001,sleece5s@fc2.com,983-104-6758,9 Loomis Junction,3,6,6/11/1996,active,4434,TRUE,982604658,,14,,209,FALSE
956865927,Gisele,Linnell,Roubeix,Freshman,2011,groubeix5t@cnn.com,561-609-7633,126 Holy Cross Parkway,3,16,1/8/1995,dropped,8110,TRUE,152655677,Garrek,14,,210,TRUE
961956707,Ansley,Naoma,Bardell,Freshman,2019,dbardell5u@opera.com,180-291-0029,107 Fairview Trail,9,27,7/2/1990,dropped,5374,TRUE,804709218,,7,,211,TRUE
999633658,Bernardine,Katerina,Fosdick,Freshman,2012,mfosdick5v@phoca.cz,847-778-3080,60 Killdeer Avenue,3,4,4/29/1988,transfered,6274,TRUE,621331160,,14,,212,TRUE
996765045,Alfredo,,Burgane,Freshman,2006,gburgane5w@discovery.com,387-292-2475,17449 Everett Crossing,4,27,5/16/1993,abroad,7430,FALSE,129298724,,24,,213,TRUE
960472890,Gorden,Hynda,Guirard,Freshman,2020,aguirard5x@rambler.ru,719-544-8456,41330 Tennyson Way,3,9,5/29/1997,transfered,9913,TRUE,361290899,,14,,214,TRUE
957213521,Shae,Garwin,Barthel,Freshman,2008,rbarthel5y@list-manage.com,513-372-6952,2 Katie Trail,3,9,2/17/1995,active,9028,TRUE,241607834,,7,,215,FALSE
930840147,Crin,Jaimie,Gerring,Freshman,2002,pgerring5z@msn.com,737-315-3938,542 Hooker Hill,6,17,8/10/1995,active,1196,TRUE,247444398,Perren,14,,216,FALSE
939599202,Beth,,Tourmell,Freshman,2019,atourmell60@tuttocitta.it,247-957-3696,834 Fieldstone Hill,6,13,11/26/1995,abroad,9556,FALSE,384805078,,24,,217,FALSE
918180971,Janeen,,Wilcocke,Freshman,2018,ewilcocke61@symantec.com,407-157-3718,484 Oak Hill,9,27,1/8/1988,abroad,6062,TRUE,333504414,Em,14,,218,TRUE
905191183,Corey,Charline,Alltimes,Freshman,2013,kalltimes62@cnn.com,563-606-0950,7 Haas Crossing,1,31,1/8/1995,deferred,7071,TRUE,254145617,Kristen,24,,219,FALSE
984775073,Toni,Corbin,Patifield,Freshman,2017,cpatifield63@upenn.edu,823-497-7016,63 Sundown Point,7,33,11/22/1991,abroad,1569,FALSE,955845483,,14,,220,FALSE
920539863,Gerrilee,Delila,Tinsley,Freshman,2015,gtinsley64@cbsnews.com,517-797-2622,707 Lake View Place,8,27,10/24/1993,transfered,9659,FALSE,979002191,Glynda,24,,221,FALSE
919204902,Flss,,McGrudder,Freshman,2019,imcgrudder65@omniture.com,382-928-6508,9 Mcguire Avenue,6,30,12/29/1990,dropped,1974,TRUE,579532129,,7,,222,TRUE
972182885,Marlee,Vickie,Oppery,Freshman,2008,aoppery66@hud.gov,680-977-8460,43 Dawn Point,5,14,6/29/1990,transfered,1744,FALSE,418877886,Amby,14,,223,TRUE
979704683,Murdoch,,Ricker,Freshman,2014,lricker67@homestead.com,235-431-2690,755 Crowley Drive,1,24,2/6/1993,active,4393,FALSE,512625745,Lynn,24,,224,FALSE
913398961,Holt,,Fearney,Freshman,2005,mfearney68@redcross.org,164-731-2098,954 Dixon Center,7,6,11/3/1996,dropped,5405,TRUE,168682302,Mellie,7,,225,TRUE
923034811,Doralyn,Lil,Chaters,Freshman,2006,dchaters69@springer.com,634-784-1017,7737 Heath Court,7,11,6/9/1993,abroad,5987,TRUE,475739427,,24,,226,TRUE
950080258,Ginny,Falkner,Boome,Freshman,2009,bboome6a@plala.or.jp,179-812-6724,20 Arapahoe Center,4,29,2/22/1993,deferred,8689,TRUE,560961623,Bea,14,,227,TRUE
915316807,Melisande,Lowrance,Tyhurst,Freshman,2016,styhurst6b@woothemes.com,265-651-1177,993 Di Loreto Plaza,9,30,2/18/1988,deferred,4604,FALSE,794722594,,7,,228,TRUE
999276339,Jareb,Rollo,Tweedle,Freshman,2016,mtweedle6c@vinaora.com,616-367-9329,79 Rockefeller Park,1,28,1/29/1989,dropped,1326,TRUE,797216081,,24,,229,TRUE
923638963,Whit,Stesha,Ditter,Freshman,2013,cditter6d@people.com.cn,149-119-8668,3 5th Circle,8,27,3/9/1991,transfered,6153,TRUE,628755516,,7,,230,FALSE
938447275,Jesse,Cesar,Domenici,Freshman,2005,kdomenici6e@nyu.edu,965-713-8186,452 Calypso Road,1,30,1/12/1996,dropped,4585,TRUE,346205426,,14,,231,TRUE
958294321,Lyndsay,Antonio,Goldspink,Freshman,2016,rgoldspink6f@icio.us,848-852-3920,96491 Pawling Plaza,10,26,3/26/1996,active,5531,TRUE,171968265,,14,,232,TRUE
918535621,Rosalia,Derron,Sneyd,Freshman,2013,tsneyd6g@sphinn.com,208-697-8400,1622 Monica Trail,3,3,12/25/1994,transfered,6131,FALSE,718103686,Timothea,14,,233,TRUE
980998059,Moyra,Amabelle,Whiteway,Freshman,2003,gwhiteway6h@psu.edu,611-759-4430,5830 Carpenter Road,5,4,11/21/1989,abroad,7776,TRUE,396077061,Gardie,14,,234,TRUE
951407184,Ram,Filmer,Hammerich,Freshman,2017,phammerich6i@google.ru,959-431-2302,67494 Katie Road,4,36,10/11/1990,transfered,7392,FALSE,692721811,,24,,235,TRUE
998747931,Rora,,Ecob,Freshman,2001,secob6j@craigslist.org,847-206-0936,3374 Blaine Junction,9,27,12/15/1993,transfered,8035,TRUE,201258835,,7,,236,FALSE
933997784,Eldridge,Arly,Brislan,Freshman,2002,bbrislan6k@pagesperso-orange.fr,788-414-1261,23 North Trail,2,6,8/28/1997,abroad,4144,FALSE,716648030,,14,,237,FALSE
977760853,Karola,Jacklyn,Depper,Freshman,2005,cdepper6l@arizona.edu,434-420-0730,1651 Melvin Road,10,16,10/11/1997,dropped,2926,FALSE,146379947,,7,,238,TRUE
927095618,Cassey,Mitchael,Keates,Freshman,2010,ekeates6m@cnn.com,643-659-6441,8918 American Alley,1,28,4/23/1995,deferred,6466,FALSE,740653842,,7,lol,239,FALSE
962099684,Adrien,Charissa,Pidgen,Freshman,2004,apidgen6n@google.pl,104-705-9141,12 Dorton Parkway,10,4,12/18/1997,transfered,7773,TRUE,837648534,Albertina,14,,240,FALSE
909201834,Gustave,,Schultes,Freshman,2008,pschultes6o@sbwire.com,555-981-8038,44783 Mandrake Place,8,9,3/21/1994,abroad,2148,TRUE,965163036,,14,,241,FALSE
976157224,Cymbre,Elke,Stollsteimer,Freshman,2018,kstollsteimer6p@cloudflare.com,147-676-0909,3054 Corben Street,9,13,3/22/1990,transfered,3264,FALSE,761618561,,24,,242,FALSE
930447316,Isidor,Brucie,Fellow,Freshman,2001,jfellow6q@plala.or.jp,430-472-0059,0230 Scofield Road,7,23,8/6/1997,abroad,1056,FALSE,358987375,,14,,243,TRUE
969305167,Vernen,Kerk,Desborough,Freshman,2004,edesborough6r@hibu.com,890-921-3354,0482 Nevada Avenue,3,35,7/29/1996,abroad,8742,FALSE,115080642,,7,,244,FALSE
946164979,Roscoe,Lanna,Baiden,Freshman,2000,rbaiden6s@ask.com,529-537-3314,9 Anzinger Crossing,8,39,4/25/1993,deferred,9294,FALSE,463561373,,14,,245,FALSE
985574549,Margi,Teddie,Grumbridge,Freshman,2018,fgrumbridge6t@ft.com,937-576-3725,40 Goodland Point,1,7,9/30/1997,transfered,5422,FALSE,539234544,,7,,246,TRUE
935766694,Colas,Jennilee,Pontin,Freshman,2004,bpontin6u@ft.com,475-806-7242,34025 Portage Junction,8,15,7/10/1990,dropped,6668,TRUE,207803586,Betteanne,24,,247,TRUE
998592781,Mona,,Ondrak,Freshman,2009,aondrak6v@elegantthemes.com,481-186-6533,398 Fallview Way,5,16,3/4/1991,deferred,6314,TRUE,185442033,Almira,24,,248,TRUE
968991412,Ethyl,Phil,Lenin,Freshman,2005,alenin6w@wikispaces.com,906-189-0460,178 Fallview Place,3,36,8/28/1996,abroad,3798,FALSE,218159726,,24,,249,TRUE
939253712,Willa,Karlee,Gooderham,Freshman,2008,egooderham6x@free.fr,917-602-0634,2793 Lillian Parkway,10,24,3/29/1991,dropped,5112,TRUE,600593869,,24,,250,TRUE
957753472,Dan,Fanni,Tesdale,Freshman,2003,stesdale6y@bloglines.com,450-736-5887,05532 Walton Park,1,17,5/30/1988,active,7066,FALSE,895260103,,7,,251,FALSE
944854257,Clemens,Malina,Cheatle,Freshman,2014,bcheatle6z@pcworld.com,818-423-8169,54 Rockefeller Junction,1,30,9/3/1988,deferred,6647,FALSE,730648807,Bonita,7,,252,TRUE
984473868,Viviyan,Halli,Macveigh,Freshman,2018,mmacveigh70@1und1.de,642-182-0089,798 Welch Park,5,9,3/17/1989,transfered,3301,FALSE,911594255,,7,,253,FALSE
960176140,Yves,Roderick,Heasman,Freshman,2000,jheasman71@blogger.com,214-598-6120,429 Mandrake Circle,7,9,2/1/1989,transfered,5858,TRUE,598098154,,24,,254,FALSE
926934775,Ebba,Pru,McDuffy,Freshman,2013,cmcduffy72@homestead.com,501-297-1087,56679 Esker Circle,10,17,5/18/1995,active,3167,FALSE,645604414,,7,,255,TRUE
997191624,Raynard,,Yelland,Freshman,2011,ryelland73@ted.com,662-220-4609,6 Atwood Circle,5,9,9/9/1994,abroad,3906,FALSE,458383678,,7,,256,FALSE
965963803,Willie,,Augustus,Freshman,2017,laugustus74@kickstarter.com,133-845-2106,12 Acker Lane,10,26,7/23/1988,active,9474,FALSE,687326391,,7,,257,TRUE
922866072,Brigg,Chic,Paulton,Freshman,2002,spaulton75@wix.com,112-850-7105,7 Little Fleur Avenue,3,6,2/27/1993,dropped,3385,TRUE,695122978,,14,,258,TRUE
942740157,Ainslee,Lemar,Baud,Freshman,2002,rbaud76@woothemes.com,824-208-0029,12870 East Place,7,39,5/16/1991,active,3052,FALSE,295709242,,24,,259,FALSE
959051740,Moss,Denise,Egre,Freshman,2006,cegre77@harvard.edu,909-850-9101,6515 Moose Junction,9,40,9/9/1996,deferred,2444,FALSE,364045209,Cate,14,,260,TRUE
988459342,Richie,Gwendolyn,Durtnall,Freshman,2009,bdurtnall78@networkadvertising.org,659-620-9498,2 Everett Hill,10,27,4/30/1996,dropped,7785,TRUE,680691034,Brigitte,14,,261,TRUE
904651070,Gaylord,Duncan,Koopman,Freshman,2002,tkoopman79@go.com,899-107-0478,7 Fairview Point,2,22,4/9/1988,active,9448,FALSE,939168976,Terencio,14,,262,FALSE
912116210,Rufus,Claudie,Muro,Freshman,2008,ymuro7a@japanpost.jp,523-829-5566,4 Harbort Parkway,3,4,1/31/1988,active,1615,FALSE,525105542,Yank,7,,263,TRUE
980347086,Philippe,Lennie,Ledwich,Freshman,2013,cledwich7b@skyrock.com,195-548-3382,325 Bobwhite Lane,3,2,3/26/1996,deferred,5346,FALSE,643377215,,7,,264,TRUE
954343748,Lavinie,Happy,Coppo,Freshman,2017,qcoppo7c@salon.com,126-127-1310,46317 Talmadge Parkway,2,25,1/21/1994,active,5797,FALSE,661353928,Queenie,24,,265,TRUE
993605191,Burch,Chrissy,Patrono,Freshman,2010,dpatrono7d@cpanel.net,735-370-5721,31870 Tennyson Place,7,27,5/19/1991,deferred,3936,FALSE,905310856,,24,,266,FALSE
926884226,Ariella,Carolee,Brosetti,Freshman,2011,nbrosetti7e@illinois.edu,619-385-1431,52 Ridgeway Plaza,2,4,6/15/1993,active,9253,FALSE,615040663,,24,,267,FALSE
926620058,Alice,Nefen,Plaskett,Freshman,2007,jplaskett7f@zdnet.com,398-504-3267,68061 Oriole Pass,8,7,12/25/1992,abroad,3301,TRUE,929258160,,14,,268,FALSE
942112195,Alejandrina,Hendrik,Tinham,Freshman,2001,wtinham7g@joomla.org,626-761-9703,213 Springs Hill,9,23,11/5/1993,abroad,1483,TRUE,535703646,,7,,269,TRUE
997153673,Dorisa,Freddy,Lorentzen,Freshman,2001,clorentzen7h@networksolutions.com,495-423-8254,538 Mendota Plaza,3,8,12/6/1991,dropped,8116,FALSE,264599839,,7,,270,FALSE
943451133,Derrik,,Raynton,Freshman,2003,draynton7i@wordpress.com,344-622-1161,67 Londonderry Way,5,18,6/12/1989,abroad,6403,TRUE,569000970,Dante,14,,271,TRUE
981882627,Gael,,Marousek,Freshman,2016,wmarousek7j@vinaora.com,760-778-3020,48048 8th Circle,6,27,7/26/1993,dropped,7461,FALSE,231962286,,7,,272,TRUE
902730007,Nollie,Monti,Minghetti,Freshman,2016,gminghetti7k@behance.net,617-673-7240,209 Mosinee Hill,10,4,10/6/1994,dropped,3796,TRUE,805532027,Gennifer,24,,273,FALSE
984871185,Sibley,Karalee,Parradine,Freshman,2004,gparradine7l@tinypic.com,442-405-9920,87 Pankratz Street,1,12,8/5/1996,deferred,2814,FALSE,212356608,,14,lol,274,FALSE
931298537,Bart,Patric,Bulbeck,Freshman,2003,rbulbeck7m@eepurl.com,344-503-2990,946 Manitowish Street,8,3,3/11/1990,abroad,3135,TRUE,381022076,Randell,24,,275,FALSE
928129911,Marie-jeanne,Jerad,Leggan,Freshman,2012,bleggan7n@qq.com,292-872-8669,2 Superior Circle,10,32,2/26/1993,dropped,6091,TRUE,360217073,,24,,276,FALSE
935695440,Sabina,Felizio,Gates,Freshman,2000,mgates7o@sciencedirect.com,763-800-8387,81 Nova Circle,9,10,8/12/1991,abroad,9762,TRUE,500148526,,7,,277,TRUE
928292471,Walther,,Escalero,Freshman,2010,iescalero7p@networkadvertising.org,781-684-5962,620 Linden Pass,9,4,10/1/1994,transfered,3854,FALSE,720619665,Ikey,24,,278,FALSE
972868572,Jan,,Serjeant,Freshman,2001,fserjeant7q@biblegateway.com,810-571-8340,2232 Washington Lane,9,5,9/11/1995,abroad,4404,FALSE,899825718,,24,,279,FALSE
918749857,Leicester,Joyce,Selesnick,Freshman,2017,fselesnick7r@ifeng.com,151-994-5775,41 Hanover Trail,8,32,9/19/1989,transfered,7700,FALSE,430485111,,24,,280,FALSE
938009377,Gertie,Vince,Haime,Freshman,2001,vhaime7s@hp.com,590-675-7111,36 Main Park,4,28,7/8/1990,abroad,8966,FALSE,218231731,Valentijn,7,,281,FALSE
953462737,Worth,,Ashborne,Freshman,2019,aashborne7t@ucsd.edu,266-379-6876,85405 Lunder Avenue,10,6,4/4/1994,deferred,8522,TRUE,567486247,Allys,14,,282,FALSE
991423381,Ivory,Corena,Childes,Freshman,2000,bchildes7u@gmpg.org,509-759-5609,24 Monterey Terrace,1,30,11/17/1991,deferred,6350,FALSE,720302336,,7,,283,FALSE
966213972,Lidia,,Strotone,Freshman,2007,wstrotone7v@sourceforge.net,945-951-7093,0307 Harper Junction,3,24,3/10/1993,transfered,7610,TRUE,212892875,,14,,284,TRUE
917613864,Melisse,Damon,Denkel,Freshman,2010,adenkel7w@noaa.gov,388-436-7716,0 Annamark Terrace,4,9,6/11/1993,active,1682,FALSE,597470960,,7,,285,FALSE
970187148,Silvio,,Andersen,Freshman,2011,tandersen7x@opera.com,244-265-6480,57 David Lane,9,28,11/14/1988,dropped,3726,FALSE,281212179,,7,,286,FALSE
919644519,Mira,Maximilianus,Lequeux,Freshman,2013,slequeux7y@php.net,428-385-5594,29723 Mcbride Point,2,16,9/21/1995,active,5013,FALSE,678184132,,14,,287,FALSE
968579864,Letty,Cedric,Balogh,Freshman,2010,abalogh7z@dailymotion.com,219-609-9791,5 Helena Alley,8,35,5/11/1993,active,6224,TRUE,608197149,,14,,288,TRUE
931058894,Nelson,Christen,Braksper,Freshman,2016,tbraksper80@nyu.edu,185-821-7735,769 Mayfield Court,5,8,3/3/1994,dropped,5735,TRUE,100695842,,14,,289,FALSE
910840935,Augusto,,Juschke,Freshman,2020,wjuschke81@de.vu,869-822-1161,38251 Dryden Road,1,3,4/12/1995,active,5190,FALSE,285143077,,14,,290,FALSE
997037815,Zola,Ed,Yushachkov,Freshman,2011,dyushachkov82@icq.com,679-142-6542,6 New Castle Street,7,22,7/15/1994,dropped,7192,FALSE,332616214,Daveen,24,,291,FALSE
952615100,Delano,Sal,Corteis,Freshman,2012,pcorteis83@ameblo.jp,400-520-4270,37659 Bellgrove Hill,3,30,3/9/1990,dropped,6003,FALSE,609293747,,24,,292,FALSE
971363593,Danice,Angelo,Reihill,Freshman,2007,dreihill84@wp.com,466-466-1338,0 Norway Maple Center,5,3,7/30/1989,deferred,3636,FALSE,505483311,Dosi,24,,293,FALSE
901235985,Kizzie,Anetta,Gatsby,Freshman,2004,sgatsby85@unesco.org,197-914-2579,389 Main Alley,1,20,8/28/1991,active,6658,TRUE,642641785,,14,,294,TRUE
914825574,Hilary,Chloe,Yorke,Freshman,2008,myorke86@phpbb.com,233-427-2115,10 Sunbrook Junction,4,23,10/8/1991,abroad,9055,FALSE,759697808,,7,,295,TRUE
913218174,Hatti,Giorgi,Cobbe,Freshman,2009,rcobbe87@howstuffworks.com,646-249-2458,8 Oakridge Pass,9,29,4/3/1997,deferred,3527,TRUE,280285007,,24,,296,FALSE
980076508,Sylvester,Orelee,Flavelle,Freshman,2013,vflavelle88@yelp.com,180-727-6867,8 Rieder Road,5,17,12/21/1991,abroad,4554,FALSE,390425809,Vanna,24,,297,FALSE
954886880,Eryn,Arie,Greaser,Freshman,2020,ggreaser89@google.fr,934-674-3500,14926 Prentice Hill,3,5,2/23/1992,abroad,4865,FALSE,655732387,,24,,298,FALSE
990292044,Blondy,,Dennidge,Freshman,2003,sdennidge8a@gmpg.org,303-852-5522,46829 Pine View Center,4,22,5/18/1991,active,8165,FALSE,532079702,,14,,299,TRUE
924574519,Kit,Noelani,Bernier,Freshman,2005,lbernier8b@illinois.edu,273-652-4375,5 Comanche Point,2,27,5/6/1990,dropped,6970,TRUE,786523233,,24,,300,TRUE
904391191,Cate,Tadeas,Clemitt,Freshman,2017,kclemitt8c@gmpg.org,499-213-3249,3 Brickson Park Parkway,7,22,7/2/1990,active,3381,TRUE,589364933,Kearney,7,,301,TRUE
947612753,Conant,Estele,Elwell,Freshman,2000,lelwell8d@joomla.org,919-425-9483,51640 Hooker Place,3,30,7/9/1991,dropped,5650,FALSE,131124324,,7,,302,TRUE
906658659,Flo,Regine,Nozzolii,Freshman,2018,enozzolii8e@economist.com,835-325-5107,2 Knutson Center,8,29,11/3/1988,active,7275,TRUE,375176681,,24,,303,FALSE
962362276,Renae,Maddie,Benck,Freshman,2012,lbenck8f@1688.com,720-515-2824,37572 Prairieview Pass,3,29,8/20/1990,deferred,7132,TRUE,469192646,,7,,304,TRUE
963519741,Gennifer,Lissi,Ludgate,Freshman,2005,kludgate8g@google.pl,120-590-0058,1734 Lotheville Junction,3,28,8/15/1996,dropped,6738,FALSE,237351070,Kacie,7,,305,TRUE
917675216,Dottie,Trueman,Friedlos,Freshman,2011,jfriedlos8h@mit.edu,867-273-6983,9 Trailsway Street,7,31,11/15/1995,active,4825,TRUE,250907562,,24,,306,TRUE
988941891,Licha,Alonzo,Anmore,Freshman,2008,janmore8i@themeforest.net,363-725-6734,9 Carberry Alley,1,21,12/14/1996,dropped,7178,TRUE,390792967,,7,,307,FALSE
905027595,Pinchas,Nariko,Knappitt,Freshman,2002,eknappitt8j@upenn.edu,409-935-6355,79689 Laurel Lane,2,26,5/10/1990,deferred,5461,FALSE,787618288,Edouard,7,,308,FALSE
922141056,Jake,,Verdy,Freshman,2016,mverdy8k@hubpages.com,647-537-5339,64 New Castle Trail,5,27,3/21/1993,deferred,5356,TRUE,320816156,,7,,309,TRUE
905621633,Phaedra,,Tuck,Freshman,2006,wtuck8l@yellowpages.com,836-819-8457,88455 Loeprich Crossing,1,26,6/18/1993,transfered,3301,TRUE,846678423,Weidar,7,,310,TRUE
937334399,Harald,Karry,O'Farris,Freshman,2014,aofarris8m@thetimes.co.uk,919-936-2693,60200 Acker Road,4,23,5/25/1991,dropped,3521,FALSE,147000013,,24,,311,TRUE
991521472,Frasco,Caren,Machon,Freshman,2016,hmachon8n@sogou.com,716-904-7707,36 Chive Street,3,21,2/23/1991,transfered,4941,FALSE,507825503,,24,,312,FALSE
926551540,Velvet,Arly,Huson,Freshman,2013,khuson8o@nps.gov,685-216-2588,940 Brown Terrace,2,27,7/2/1989,deferred,8643,TRUE,163438217,,24,,313,FALSE
904939951,Shelagh,Timmi,Micah,Freshman,2018,cmicah8p@live.com,806-910-9369,8 Vera Circle,10,25,3/24/1995,dropped,2427,TRUE,971918537,Corinne,7,,314,TRUE
937052012,Blondelle,,Tann,Freshman,2001,ktann8q@fda.gov,581-479-2284,1 Barnett Trail,9,4,1/3/1996,dropped,6745,FALSE,350650828,Kiri,14,,315,TRUE
911826610,Jacinda,Vidovik,Flett,Freshman,2019,mflett8r@scientificamerican.com,456-145-0729,925 Brickson Park Plaza,2,15,4/17/1996,active,6969,FALSE,720367751,,7,,316,TRUE
909302796,Brynn,Vinny,Bickerstaffe,Freshman,2001,cbickerstaffe8s@youtube.com,643-623-4594,93 Hollow Ridge Alley,8,15,5/19/1993,deferred,4987,FALSE,710613743,,24,,317,TRUE
918882752,Ari,Gwenneth,Clutterbuck,Freshman,2008,eclutterbuck8t@fotki.com,456-567-6500,289 Sauthoff Place,7,22,11/16/1988,active,4788,TRUE,431930691,,24,,318,TRUE
994108586,Humfried,Seka,Timny,Freshman,2006,ltimny8u@bluehost.com,418-892-7097,211 Superior Junction,3,15,8/3/1992,dropped,7227,TRUE,471632026,,24,,319,FALSE
960763274,Deloria,Horten,MacGaughy,Freshman,2019,fmacgaughy8v@infoseek.co.jp,808-415-9692,24281 Spohn Avenue,3,2,11/6/1994,dropped,7194,FALSE,707976151,Farah,14,,320,TRUE
998015450,Shae,Candace,Canepe,Freshman,2019,ccanepe8w@usatoday.com,553-865-8567,4 Bluestem Lane,7,33,8/15/1997,transfered,7830,FALSE,820001115,,14,,321,TRUE
971048089,Hanan,Fina,Lowthian,Freshman,2008,rlowthian8x@homestead.com,339-612-0179,9 Florence Avenue,1,36,2/4/1995,abroad,2625,FALSE,202585237,Raffaello,7,,322,TRUE
964189074,Chelsae,Gert,Tichner,Freshman,2019,mtichner8y@pinterest.com,860-936-2429,5091 Old Gate Hill,7,10,7/23/1997,abroad,3739,TRUE,996509830,Mace,14,,323,FALSE
963158952,Lynnell,,Eckhard,Freshman,2010,deckhard8z@hibu.com,924-452-3004,343 Fairview Way,2,8,9/2/1991,transfered,1713,FALSE,496049719,,24,,324,TRUE
953527782,Freeland,Effie,De Beauchamp,Freshman,2014,fdebeauchamp90@rediff.com,456-300-1897,7733 Hoepker Crossing,10,37,7/12/1994,dropped,5445,TRUE,150107941,Forster,14,,325,TRUE
984853411,Katleen,Vonny,Leatt,Freshman,2017,dleatt91@oaic.gov.au,905-159-2098,04 American Parkway,10,35,4/23/1995,dropped,9417,TRUE,851222341,Darb,14,lol,326,TRUE
916263570,Filia,Addy,Stannas,Freshman,2015,estannas92@newyorker.com,651-872-6212,2 Nova Trail,2,7,11/12/1991,active,6480,TRUE,914676275,,7,,327,FALSE
901878148,Dorthea,,Rubinek,Freshman,2018,rrubinek93@hexun.com,200-179-4269,23 Jenifer Parkway,1,18,5/14/1996,active,7705,FALSE,499383651,,24,,328,FALSE
989375329,Aeriell,Taylor,Portchmouth,Freshman,2012,kportchmouth94@gravatar.com,326-113-6646,28 Onsgard Circle,10,14,10/30/1992,active,1728,TRUE,232287259,,7,,329,FALSE
916767726,Towney,Evaleen,Quesne,Freshman,2000,aquesne95@mit.edu,733-933-2427,3 Memorial Circle,3,18,1/7/1988,transfered,6415,TRUE,946587951,Ax,14,lol,330,TRUE
960138809,Ardisj,,Tyhurst,Freshman,2007,etyhurst96@samsung.com,702-140-7967,440 Fair Oaks Junction,10,29,8/3/1997,deferred,8092,TRUE,305664063,,7,,331,TRUE
968065059,Cristina,Sibley,Skoof,Freshman,2017,sskoof97@smh.com.au,698-699-3343,6093 Florence Alley,6,10,6/13/1996,deferred,1160,TRUE,669911974,,24,,332,TRUE
918843500,Nickie,Donetta,Dassindale,Freshman,2016,sdassindale98@opera.com,327-143-4333,4 Florence Avenue,8,24,10/7/1995,active,8377,TRUE,454662582,,7,,333,FALSE
921553436,Veradis,Dallon,Whimper,Freshman,2017,wwhimper99@networksolutions.com,569-182-9039,6926 Surrey Avenue,4,35,11/8/1994,transfered,5076,FALSE,464622310,,7,,334,FALSE
967995488,Birdie,Malissa,Strathdee,Freshman,2014,sstrathdee9a@ow.ly,435-126-5398,6 Fisk Point,6,31,9/27/1992,active,6746,TRUE,384932509,,24,,335,TRUE
970722615,Norbie,,Elbourne,Freshman,2015,belbourne9b@usatoday.com,834-364-4081,85016 Acker Way,3,21,8/22/1990,deferred,9999,FALSE,640073049,,24,,336,FALSE
931280174,Parke,Myriam,Mundle,Freshman,2017,gmundle9c@pbs.org,241-988-5856,367 Reindahl Circle,4,37,12/1/1996,abroad,5761,TRUE,513999154,,24,,337,FALSE
987642745,Prent,Erasmus,Ranklin,Freshman,2018,lranklin9d@ibm.com,654-335-6480,344 Springview Way,10,1,3/17/1994,abroad,7106,TRUE,943368440,,14,,338,TRUE
980915504,Agna,,Krysztofiak,Freshman,2003,mkrysztofiak9e@4shared.com,888-733-3930,987 Dapin Lane,7,12,2/14/1988,active,9550,FALSE,661798265,,7,,339,FALSE
961754006,Fleur,Kurt,Eliaz,Freshman,2016,meliaz9f@adobe.com,676-248-2374,729 Arkansas Way,1,10,7/4/1993,active,3721,FALSE,894905425,,24,,340,TRUE
951668487,Rikki,Rusty,Blanckley,Freshman,2014,kblanckley9g@samsung.com,322-727-9643,9 Hoffman Pass,8,15,4/7/1994,deferred,6793,FALSE,876061437,,14,,341,TRUE
938051021,Lianna,Lissa,Sirrell,Freshman,2016,csirrell9h@nba.com,281-925-9344,80073 Forster Parkway,7,35,5/29/1997,transfered,8691,FALSE,653210489,,14,,342,FALSE
912743164,Estevan,,Giddings,Freshman,2007,wgiddings9i@imgur.com,968-664-7946,531 Messerschmidt Court,7,5,11/7/1989,active,2987,FALSE,374060825,,24,,343,FALSE
945945690,Lyman,,York,Freshman,2016,syork9j@state.tx.us,380-650-3858,16653 Mifflin Drive,2,14,8/6/1988,abroad,1889,FALSE,404154410,,24,,344,FALSE
959428263,Devinne,,Casotti,Freshman,2020,ccasotti9k@booking.com,189-734-8799,17622 Basil Avenue,9,32,7/9/1991,transfered,2380,TRUE,436427794,,7,,345,TRUE
989087568,Chad,Wynny,Manwaring,Freshman,2012,emanwaring9l@europa.eu,634-606-2589,1929 Heffernan Street,2,10,6/15/1997,dropped,8674,TRUE,350653777,Efrem,14,,346,TRUE
937962617,Avery,Felix,Skully,Freshman,2010,askully9m@cbc.ca,516-129-6487,19298 Bunting Plaza,1,18,5/5/1994,active,8921,FALSE,605237493,Alisun,14,,347,FALSE
984859778,Charmane,Luce,Manhare,Freshman,2013,cmanhare9n@upenn.edu,680-990-5483,2 Hansons Junction,7,36,4/9/1990,transfered,6922,TRUE,853807334,,24,,348,FALSE
973307510,Ernie,,Strutt,Freshman,2012,sstrutt9o@squidoo.com,629-745-9912,375 Declaration Place,7,18,10/24/1988,deferred,6190,TRUE,951523175,,14,,349,TRUE
915275424,Keene,Allistir,Vautrey,Freshman,2018,tvautrey9p@google.ru,388-680-8547,605 Donald Center,6,28,8/29/1994,deferred,7728,TRUE,964715587,,7,,350,TRUE
924120855,Kattie,Lanni,Lamming,Freshman,2001,clamming9q@latimes.com,674-492-6770,28 Warrior Avenue,6,30,8/29/1997,active,9002,TRUE,561890766,,7,,351,FALSE
940015278,Scarlet,Kennan,Colclough,Freshman,2005,mcolclough9r@csmonitor.com,658-322-7402,6 Vernon Hill,10,25,12/24/1997,active,3765,TRUE,429939708,,24,,352,FALSE
945713566,Zia,Skippy,Juster,Freshman,2007,hjuster9s@hatena.ne.jp,215-383-4852,54109 Huxley Road,7,5,1/2/1988,deferred,5408,TRUE,622269587,,24,,353,TRUE
909846299,Faith,Marcy,Sangster,Freshman,2009,vsangster9t@bravesites.com,417-254-8465,7 Kensington Avenue,7,4,3/2/1991,transfered,7073,TRUE,580137673,,7,lol,354,FALSE
936995410,Elia,Vinnie,Dytham,Freshman,2002,jdytham9u@mail.ru,672-975-6782,09567 Prairie Rose Parkway,6,15,10/15/1991,abroad,6184,TRUE,723021131,,7,,355,FALSE
917005199,Kylie,,MacAnellye,Freshman,2000,imacanellye9v@state.tx.us,740-489-4019,40 Westerfield Circle,8,19,10/12/1992,abroad,8634,TRUE,935647938,,24,,356,TRUE
904171553,Shurwood,Coletta,Birbeck,Freshman,2003,mbirbeck9w@edublogs.org,361-108-3389,3444 Everett Alley,6,10,5/5/1994,deferred,7308,TRUE,887792648,,24,,357,TRUE
919843152,Renaldo,Britta,Bruffell,Freshman,2018,cbruffell9x@amazon.com,697-234-8678,94 Truax Way,10,16,11/30/1993,abroad,1511,FALSE,293840207,,7,,358,TRUE
911704374,Ange,Matias,Joubert,Freshman,2012,rjoubert9y@squarespace.com,912-473-8042,8400 Corry Way,9,34,5/24/1995,transfered,5362,TRUE,932215372,Roxie,7,,359,TRUE
951163999,Katee,,Umpleby,Freshman,2001,rumpleby9z@photobucket.com,917-131-7464,12 Shelley Park,6,21,5/18/1988,transfered,7794,FALSE,753100645,,24,,360,TRUE
994591024,Bianca,Stanislaw,Kleisel,Freshman,2013,lkleisela0@indiatimes.com,513-929-2588,89909 Jana Court,2,37,8/6/1992,deferred,7913,TRUE,323258080,Lonni,14,,361,FALSE
961763854,Johannes,Shane,Titcombe,Freshman,2011,mtitcombea1@mac.com,280-467-6496,85351 Cardinal Crossing,3,39,9/12/1993,transfered,6633,TRUE,979007872,Maribelle,7,,362,FALSE
946517814,Teresita,,Manston,Freshman,2014,lmanstona2@phoca.cz,981-321-1656,82 Jana Park,6,21,7/19/1988,abroad,1248,FALSE,111642093,,14,,363,FALSE
971300361,Marley,Sven,Assard,Freshman,2020,sassarda3@behance.net,906-699-2385,21 Troy Point,9,40,4/21/1996,abroad,6918,TRUE,922067257,,14,,364,FALSE
945322158,Alejandrina,Bee,De Stoop,Freshman,2010,sdestoopa4@timesonline.co.uk,689-352-0721,1480 Manufacturers Trail,3,40,5/14/1995,dropped,1408,FALSE,539855505,,24,,365,TRUE
909428480,Maury,Leigh,Sotheby,Freshman,2019,fsothebya5@jiathis.com,546-593-7261,02 Stuart Drive,9,3,5/7/1993,abroad,7128,TRUE,638635800,,24,,366,FALSE
923138311,Tremayne,,Poll,Freshman,2004,epolla6@baidu.com,787-495-4472,07 Schurz Road,6,23,7/18/1992,transfered,1427,TRUE,182372820,,7,,367,FALSE
942288971,Keenan,,Gemson,Freshman,2004,ggemsona7@cbslocal.com,707-888-1819,63513 Jenifer Point,6,20,12/25/1992,dropped,2380,FALSE,606838685,,24,,368,FALSE
935462150,Rance,Gwyneth,Gravestone,Freshman,2007,jgravestonea8@live.com,311-453-5514,111 Harbort Court,5,25,9/6/1993,deferred,1191,FALSE,777296189,Jesus,24,,369,FALSE
952407942,Bronnie,,Uttridge,Freshman,2018,outtridgea9@ibm.com,271-125-1917,4560 Logan Hill,2,9,4/29/1990,transfered,7010,FALSE,590894177,,7,,370,FALSE
977704421,Fidole,Ermina,Semiras,Freshman,2014,lsemirasaa@rakuten.co.jp,284-304-7481,3 Pond Crossing,4,19,2/12/1993,deferred,9171,FALSE,920905166,,7,lol,371,FALSE
991135351,Breanne,Reid,Dysert,Freshman,2020,edysertab@twitter.com,888-128-7440,961 Grayhawk Junction,8,25,8/26/1994,dropped,2061,TRUE,778719040,,24,,372,TRUE
901666910,Maudie,Janna,Ellif,Freshman,2019,dellifac@github.io,790-993-8326,3535 Ilene Way,1,1,12/17/1997,abroad,4011,FALSE,542912220,,24,,373,TRUE
998350743,Marline,Matilde,Mc Cahey,Freshman,2002,rmccaheyad@dion.ne.jp,165-460-3989,2 Sutteridge Circle,1,37,5/26/1990,transfered,9706,TRUE,853458727,,24,,374,FALSE
972698718,Rustin,,Sivyer,Freshman,2010,msivyerae@nymag.com,850-730-7817,3199 Katie Center,2,18,1/21/1993,active,2962,TRUE,812409876,,7,,375,FALSE
918271443,Whitney,Ninon,Kellett,Freshman,2018,kkellettaf@behance.net,870-311-4942,0216 Arapahoe Road,8,4,8/2/1989,active,6446,TRUE,970527116,,7,,376,FALSE
972753021,Kelley,Laurence,Garahan,Freshman,2014,ogarahanag@dailymail.co.uk,301-653-9179,322 Meadow Vale Center,6,21,10/13/1995,dropped,7180,FALSE,500512714,,24,,377,TRUE
953823836,Fionnula,Tally,Buddleigh,Freshman,2017,ibuddleighah@umn.edu,236-258-7266,718 Waubesa Terrace,3,33,3/17/1991,abroad,5145,TRUE,858741990,,14,,378,TRUE
948469683,Blondie,Cobby,Kubal,Freshman,2005,mkubalai@php.net,175-429-4786,84 Vermont Place,7,24,4/16/1994,abroad,7261,TRUE,390245191,,7,,379,FALSE
979663455,Farica,Filberto,Sinisbury,Freshman,2002,lsinisburyaj@google.com.au,924-125-5591,2 Almo Hill,10,23,3/26/1997,dropped,3183,TRUE,615574054,,14,,380,FALSE
974677867,Munmro,,Redford,Freshman,2001,tredfordak@google.ca,269-636-3122,32065 Stone Corner Hill,1,24,9/28/1997,transfered,5524,TRUE,463863298,,7,,381,TRUE
998408019,Yorke,Delphine,Macon,Freshman,2009,bmaconal@digg.com,283-421-0224,957 Harbort Place,8,34,2/23/1988,active,9898,FALSE,448632795,,7,,382,TRUE
914153874,Trix,Jefferson,Campana,Freshman,2019,vcampanaam@feedburner.com,866-637-6224,304 Meadow Valley Lane,6,13,11/19/1995,dropped,4652,TRUE,180494950,,14,,383,FALSE
903007269,Fiona,,Wanley,Freshman,2012,jwanleyan@who.int,503-484-9684,22 Weeping Birch Lane,3,40,12/10/1995,transfered,6021,FALSE,365997778,,24,,384,TRUE
981772667,Edouard,Jackie,Simonnin,Freshman,2014,esimonninao@google.nl,107-298-4858,371 Holmberg Alley,2,15,3/8/1992,dropped,7034,TRUE,150633472,Elset,7,,385,FALSE
902706118,Archibaldo,Jammal,Restill,Freshman,2003,srestillap@deviantart.com,554-821-8399,658 New Castle Terrace,10,18,5/5/1993,active,3133,TRUE,630480271,,14,,386,FALSE
907708078,Anabella,,Ackers,Freshman,2002,tackersaq@reuters.com,892-819-9157,4 Anthes Park,6,15,2/14/1995,dropped,8350,FALSE,745568975,Tyler,24,,387,TRUE
940739799,Aurthur,,Caudrey,Freshman,2017,ccaudreyar@jimdo.com,939-408-1317,078 Lien Plaza,5,5,5/15/1993,deferred,1575,FALSE,127805637,,14,,388,TRUE
999824976,Janene,,Helling,Freshman,2010,ehellingas@plala.or.jp,477-311-3563,775 Bay Pass,8,30,8/25/1997,dropped,6112,TRUE,354826371,,14,,389,TRUE
917290761,Hendrik,Gavan,Colter,Freshman,2015,tcolterat@engadget.com,183-310-5803,20 Rigney Parkway,3,40,12/20/1993,deferred,7704,TRUE,537989298,,14,,390,TRUE
986551734,Ferd,Leeland,Brockbank,Freshman,2000,obrockbankau@clickbank.net,328-143-8024,5 Springs Trail,4,34,3/11/1994,abroad,3527,TRUE,455692415,,24,,391,TRUE
956436155,Pavlov,Abby,Domleo,Freshman,2008,rdomleoav@gov.uk,248-997-6443,3312 Sycamore Point,5,29,4/19/1988,dropped,3347,FALSE,940425815,,14,,392,TRUE
928898393,Jacklin,Nina,Nolin,Freshman,2018,enolinaw@example.com,112-880-0739,047 Mallory Plaza,9,1,10/14/1989,abroad,6865,FALSE,361354370,,7,,393,FALSE
936719714,Matias,,Ughini,Freshman,2020,aughiniax@jigsy.com,630-921-2373,54072 Spenser Place,4,29,11/17/1993,abroad,5270,TRUE,260909400,,7,,394,FALSE
924412656,Isadore,,Kalvin,Freshman,2017,gkalvinay@indiegogo.com,516-217-8712,04 Brown Alley,9,15,1/8/1988,abroad,1098,FALSE,607783173,Giuditta,7,,395,FALSE
945924892,Sara,Tybie,Steggals,Freshman,2015,nsteggalsaz@dedecms.com,812-616-4574,664 Novick Court,9,10,12/3/1992,dropped,6870,TRUE,535041748,,14,,396,FALSE
960691265,Aldis,Pavlov,Zannutti,Freshman,2002,mzannuttib0@howstuffworks.com,571-986-2200,16 Eggendart Alley,6,1,4/7/1994,dropped,2079,TRUE,673051878,,14,lol,397,TRUE
996783604,Edeline,,Lefeuvre,Freshman,2018,mlefeuvreb1@google.it,873-658-8973,32409 Merrick Pass,7,5,7/16/1989,deferred,7328,FALSE,236799566,,24,,398,FALSE
970819676,Mellisent,Dionysus,Issac,Freshman,2012,pissacb2@stanford.edu,780-176-8970,941 Harbort Road,4,27,2/17/1989,dropped,6808,TRUE,508852748,,7,,399,FALSE
994974773,Oberon,Estell,Wedderburn,Freshman,2007,swedderburnb3@phoca.cz,341-598-9474,9 Superior Lane,7,29,9/4/1993,dropped,7259,TRUE,552493436,,14,,400,TRUE
996066096,Lionel,Katrine,Tradewell,Freshman,2004,ktradewellb4@cocolog-nifty.com,848-569-8417,660 Kenwood Park,10,4,7/11/1994,abroad,9487,FALSE,887551236,,24,lol,401,FALSE
990148635,Tris,,Ivashnikov,Freshman,2009,kivashnikovb5@ihg.com,713-262-2196,22 Jenifer Way,1,18,9/29/1993,dropped,6432,TRUE,851880476,,24,,402,FALSE
986642648,Anselm,,Jeskins,Freshman,2008,djeskinsb6@nyu.edu,509-161-8202,1386 Fisk Center,7,26,6/19/1995,active,4797,FALSE,149617294,Dasya,24,,403,FALSE
999402068,Hanna,,Toward,Freshman,2018,rtowardb7@nifty.com,719-965-5843,328 Lyons Junction,9,24,11/15/1991,transfered,4480,FALSE,578443327,,7,,404,TRUE
987004874,Georgena,Cicily,Vuittet,Freshman,2000,svuittetb8@google.es,980-260-6237,115 Talisman Circle,3,15,10/15/1988,active,4341,TRUE,402978442,Sascha,7,,405,FALSE
925103517,Craggie,Wenona,Stallard,Freshman,2003,tstallardb9@canalblog.com,293-419-7617,67215 Meadow Ridge Crossing,4,7,7/1/1991,deferred,5879,FALSE,928369081,,14,,406,FALSE
941986431,Olenolin,Kattie,Falks,Freshman,2006,bfalksba@bloglovin.com,257-491-9641,4939 Hollow Ridge Plaza,7,34,2/3/1991,transfered,6351,FALSE,172881735,Berthe,24,,407,FALSE
972132335,Orsola,,Galsworthy,Freshman,2020,mgalsworthybb@oracle.com,708-350-4147,0 Anzinger Lane,3,4,4/24/1988,dropped,6982,FALSE,537561392,,24,,408,FALSE
902100142,Burr,,Sheards,Freshman,2010,csheardsbc@umich.edu,135-788-4091,699 Bonner Center,7,38,12/31/1988,abroad,5458,TRUE,947677336,,14,,409,TRUE
976972869,Theodosia,Nelson,Toone,Freshman,2019,vtoonebd@harvard.edu,793-780-8930,65987 Coleman Avenue,4,21,10/6/1988,transfered,4063,FALSE,347799860,Vincent,14,,410,TRUE
905415068,Pavel,,Hasell,Freshman,2003,chasellbe@google.fr,935-698-6916,8146 Alpine Place,9,36,6/22/1992,active,5190,FALSE,155303294,,14,lol,411,FALSE
966951631,Arlena,Kaycee,McHarry,Freshman,2013,fmcharrybf@shareasale.com,789-217-2507,44663 Shopko Road,4,26,11/24/1997,deferred,4218,TRUE,824091948,,14,,412,TRUE
985926793,Jamill,Gawain,Widdowfield,Freshman,2019,gwiddowfieldbg@parallels.com,905-540-4177,1483 Village Green Hill,2,27,2/21/1995,dropped,9620,FALSE,651257404,,24,lol,413,TRUE
937918675,Richardo,,Sirl,Freshman,2004,dsirlbh@paginegialle.it,977-337-2661,717 Reinke Avenue,1,24,11/6/1989,active,8077,TRUE,887316513,,7,,414,FALSE
994207444,Kellsie,Lona,Morratt,Freshman,2008,smorrattbi@cam.ac.uk,855-126-9481,4090 Anthes Lane,9,33,6/6/1996,abroad,1427,FALSE,317161700,,24,,415,FALSE
915684619,Wilfred,Trstram,Cocklie,Freshman,2012,jcockliebj@aol.com,311-310-3505,01632 Manitowish Pass,6,20,3/8/1997,abroad,6743,TRUE,841116865,Jed,24,lol,416,TRUE
942917450,Hastie,,Waistall,Freshman,2013,rwaistallbk@gizmodo.com,880-381-9037,7 Melvin Point,5,23,7/10/1992,abroad,3770,FALSE,972834065,,14,,417,TRUE
932176353,Carlotta,Mechelle,Wybrew,Freshman,2020,uwybrewbl@si.edu,638-709-5656,29230 Northfield Place,1,18,5/15/1989,transfered,9682,FALSE,925889088,,7,,418,TRUE
958872450,Yolanda,Amandy,Bottby,Freshman,2001,jbottbybm@samsung.com,707-326-2614,5 Paget Road,5,26,5/4/1993,abroad,3989,FALSE,784901497,Jereme,14,,419,FALSE
910052940,Roma,,Guilaem,Freshman,2015,kguilaembn@tinyurl.com,590-838-7713,15 Arapahoe Point,8,16,10/30/1989,transfered,8998,FALSE,614404621,,7,,420,TRUE
905737660,Cindee,Freddy,Ondracek,Freshman,2019,zondracekbo@youtu.be,990-644-2980,01416 Monument Terrace,4,39,4/30/1992,transfered,4702,TRUE,271900165,,7,,421,TRUE
914575795,Imogen,Shelba,Coaker,Freshman,2010,acoakerbp@webs.com,484-336-5821,454 Coolidge Place,1,2,10/24/1993,active,9566,TRUE,452096497,Aggie,14,lol,422,TRUE
959192167,Donnamarie,,Molson,Freshman,2001,emolsonbq@indiegogo.com,739-696-8896,57976 Sommers Circle,1,26,7/2/1996,active,2184,TRUE,133732561,,7,,423,FALSE
982239581,Elyse,Tadio,Spinley,Freshman,2008,pspinleybr@github.io,778-674-4720,8 Calypso Terrace,5,34,5/21/1993,abroad,3358,FALSE,155324231,,24,,424,TRUE
995134612,Raquela,Billi,Burrus,Freshman,2010,lburrusbs@loc.gov,959-622-0890,2 Orin Parkway,9,1,12/11/1993,dropped,6997,FALSE,373301126,,24,,425,TRUE
941241327,Dredi,Alayne,O'Hoolahan,Freshman,2003,gohoolahanbt@boston.com,169-136-6504,6479 Sheridan Parkway,9,26,11/29/1994,abroad,1080,TRUE,137159682,,14,,426,FALSE
972165755,Thaddus,Evelyn,Rumsby,Freshman,2011,wrumsbybu@macromedia.com,457-764-0010,30963 Pine View Drive,8,12,6/17/1991,dropped,7476,TRUE,576491008,,24,,427,TRUE
959542998,Melvin,Briana,Porkiss,Freshman,2003,cporkissbv@scientificamerican.com,101-227-9076,97 Sundown Circle,5,34,12/21/1990,dropped,7495,FALSE,490103936,Cahra,14,,428,FALSE
927441292,Finn,Munmro,Kos,Freshman,2019,hkosbw@example.com,491-494-2701,685 Granby Point,6,14,2/4/1988,deferred,6417,FALSE,559116147,,7,,429,FALSE
928998316,Roderick,,Johanssen,Freshman,2000,tjohanssenbx@dmoz.org,462-178-3574,55534 Carpenter Hill,7,40,4/4/1989,abroad,1149,FALSE,350185643,,7,,430,FALSE
979890498,Jocelyn,Tine,Giovannacci,Freshman,2013,mgiovannacciby@dagondesign.com,961-528-6588,39 Amoth Hill,8,31,9/4/1992,deferred,4898,TRUE,398189881,,14,lol,431,FALSE
960892934,Clair,,Baser,Freshman,2009,pbaserbz@vkontakte.ru,930-175-1137,1249 Katie Street,9,23,5/29/1988,deferred,7493,TRUE,939567038,Piggy,14,,432,FALSE
988169701,Ulrich,Esma,Yglesias,Freshman,2007,nyglesiasc0@unblog.fr,253-209-4796,10 West Drive,4,21,12/5/1996,deferred,1690,TRUE,908842592,Nicolle,14,,433,TRUE
969534504,Mathian,Laurence,Boldt,Freshman,2005,gboldtc1@ebay.co.uk,116-259-6099,84130 Reindahl Point,7,37,6/18/1993,dropped,2506,TRUE,284886183,Gerald,7,,434,FALSE
951925133,Farly,Kirbee,Radloff,Freshman,2012,cradloffc2@domainmarket.com,464-862-1429,742 Ridgeway Street,1,32,6/7/1992,dropped,9341,TRUE,791801906,Cristobal,24,,435,FALSE
940185344,Noam,Ranice,Grishukov,Freshman,2013,ogrishukovc3@biglobe.ne.jp,530-584-8691,0 7th Alley,3,15,7/18/1996,active,3980,FALSE,154668775,,14,,436,TRUE
944909813,Anastasia,,Trewinnard,Freshman,2017,mtrewinnardc4@wisc.edu,619-182-2153,3 Derek Parkway,2,15,10/1/1994,abroad,2415,TRUE,348723131,,14,,437,TRUE
949335235,Marcellus,Arnoldo,Rawlin,Freshman,2010,jrawlinc5@lulu.com,585-602-9008,54604 Golf Course Crossing,8,21,8/9/1996,transfered,9362,FALSE,444759343,Joseph,14,,438,FALSE
955183288,Dannye,,Goodfield,Freshman,2012,ygoodfieldc6@themeforest.net,201-420-1620,49 Westerfield Park,8,38,3/29/1990,active,6189,TRUE,662989267,,7,,439,FALSE
906430389,Morena,Shelba,Belliveau,Freshman,2003,abelliveauc7@nifty.com,804-684-4380,8367 Mesta Alley,5,26,5/22/1990,transfered,2870,TRUE,197935666,,7,,440,TRUE
996193353,Consolata,Dody,Parminter,Freshman,2000,mparminterc8@nifty.com,976-265-1048,2 Clyde Gallagher Place,8,12,11/19/1991,abroad,2034,TRUE,450560923,,14,,441,TRUE
911206502,Joane,Ailis,Laboune,Freshman,2019,slabounec9@de.vu,830-692-7360,780 Autumn Leaf Park,3,5,11/19/1990,transfered,5675,TRUE,323326264,Stafani,7,,442,FALSE
947575784,Dorolisa,Dannye,Argontt,Freshman,2016,jargonttca@foxnews.com,703-271-0074,9 Melby Crossing,8,11,4/21/1993,abroad,7043,FALSE,330636385,,14,,443,TRUE
995535784,Charlean,Zarah,Ioan,Freshman,2018,hioancb@photobucket.com,574-127-5549,10 Arkansas Hill,7,13,10/21/1994,abroad,3499,FALSE,813460514,,14,,444,TRUE
917857513,Marchall,Noll,Heiner,Freshman,2013,hheinercc@delicious.com,763-702-5554,38653 Mayer Road,7,35,8/26/1989,transfered,6434,FALSE,454836712,Holli,14,lol,445,FALSE
932856716,Kissiah,Delcine,Reinhart,Freshman,2002,mreinhartcd@free.fr,285-981-5288,66 Shoshone Pass,6,30,3/3/1989,abroad,2211,FALSE,320608307,,7,,446,FALSE
912135535,Carrol,,Faucherand,Freshman,2018,nfaucherandce@bloglovin.com,652-277-7099,42 2nd Trail,10,15,11/1/1991,abroad,4854,FALSE,517620896,Norbert,14,,447,TRUE
915949788,Berry,Alick,Hodjetts,Freshman,2020,chodjettscf@yale.edu,179-669-4802,186 Ryan Pass,1,8,12/15/1996,active,8197,FALSE,692229967,,7,,448,TRUE
949404673,Antonetta,Eldon,Danielut,Freshman,2001,adanielutcg@gnu.org,509-354-5139,81 Warbler Point,5,40,9/8/1988,deferred,2352,TRUE,515384178,,24,,449,TRUE
925453636,Crawford,Rosene,Eliaz,Freshman,2004,keliazch@cnbc.com,465-440-1996,808 Reindahl Terrace,5,33,5/26/1993,transfered,9260,FALSE,553068780,,7,,450,FALSE
945704217,Binnie,Meir,Brack,Freshman,2004,mbrackci@msn.com,537-484-8434,00153 Vera Park,5,26,6/8/1993,deferred,6347,FALSE,729051367,,7,,451,FALSE
995213494,Parker,Berton,Lievesley,Freshman,2011,rlievesleycj@paypal.com,422-986-6821,42 Springs Way,2,28,9/1/1995,active,2711,TRUE,944494980,,7,,452,FALSE
999289850,Burnard,Cissiee,Gayle,Freshman,2017,ggayleck@paypal.com,152-767-1719,8 Atwood Pass,1,18,5/14/1994,abroad,2798,FALSE,625179986,,24,,453,TRUE
972606798,Meade,Theadora,Ferencowicz,Freshman,2013,pferencowiczcl@usa.gov,627-645-1113,2 East Street,5,28,10/18/1988,dropped,1126,FALSE,244351959,,24,,454,TRUE
935332478,Freddi,,Sicha,Freshman,2009,rsichacm@canalblog.com,666-238-2716,7754 American Court,1,1,1/22/1994,deferred,3881,FALSE,810500170,,7,,455,TRUE
910167714,Noni,Mildred,Sutter,Freshman,2002,dsuttercn@smugmug.com,921-213-4864,39 Cordelia Street,5,15,4/29/1994,transfered,9426,TRUE,471042257,,7,,456,TRUE
910493843,Myra,Alejandro,Wilsdon,Freshman,2014,hwilsdonco@comsenz.com,738-581-1099,49785 Fallview Parkway,4,30,2/14/1995,abroad,6873,TRUE,855149823,,7,,457,FALSE
948480941,Caldwell,,Brimilcome,Freshman,2019,tbrimilcomecp@chronoengine.com,695-845-4221,5 Stuart Crossing,5,2,12/5/1994,active,3259,FALSE,137836349,,14,,458,TRUE
977959554,Mahmoud,Lynett,Woakes,Freshman,2007,bwoakescq@jalbum.net,914-973-0919,71 Golden Leaf Parkway,4,12,12/27/1990,transfered,2179,TRUE,468702590,,24,,459,FALSE
972683597,Lenora,Millie,Finnick,Freshman,2017,dfinnickcr@nyu.edu,373-811-8401,953 Arapahoe Terrace,10,5,8/16/1988,dropped,9635,FALSE,122966789,Dominic,14,,460,FALSE
962925082,Genevra,,Santorini,Freshman,2012,dsantorinics@google.ca,612-775-8365,96 Warner Trail,2,27,8/8/1996,deferred,7673,FALSE,124450321,,14,,461,FALSE
997533205,Beryle,,Epton,Freshman,2018,keptonct@va.gov,152-260-9758,16976 Ryan Way,6,39,8/13/1995,active,3825,TRUE,315257904,,14,,462,FALSE
911456955,Eliza,,Tapsfield,Freshman,2015,rtapsfieldcu@wired.com,861-683-3657,243 Annamark Crossing,7,32,8/21/1993,dropped,5841,FALSE,768436169,,14,,463,TRUE
971497182,Heywood,Maria,Flatte,Freshman,2003,kflattecv@theguardian.com,444-958-0324,1946 Mockingbird Point,5,27,4/11/1991,abroad,5535,FALSE,625741226,,24,,464,FALSE
934874401,Jeanelle,Jodie,Beynkn,Freshman,2013,jbeynkncw@cafepress.com,476-923-0055,6725 Emmet Point,5,6,3/1/1997,transfered,8521,FALSE,361455813,,14,,465,FALSE
996492680,Sherilyn,Shelley,Macconachy,Freshman,2017,bmacconachycx@hostgator.com,217-949-2528,37 Pleasure Junction,8,6,7/13/1993,transfered,5230,TRUE,629174094,Bunni,7,lol,466,FALSE
947974900,Misty,,Goggan,Freshman,2018,agoggancy@jugem.jp,244-934-5921,144 Porter Pass,8,4,7/16/1994,dropped,7378,TRUE,342458171,,24,,467,FALSE
926963471,Odille,Peta,Meffin,Freshman,2002,kmeffincz@blogtalkradio.com,862-539-9440,612 Kedzie Way,1,16,6/14/1994,deferred,3710,TRUE,182134391,Karee,24,,468,TRUE
998747815,Ruby,Shay,Allonby,Freshman,2005,vallonbyd0@wiley.com,893-656-7580,55 Warrior Hill,3,18,4/4/1990,deferred,4920,FALSE,415820581,,7,,469,FALSE
986748671,Randie,Amalita,Watmore,Freshman,2015,lwatmored1@forbes.com,548-243-9079,3 Park Meadow Junction,9,3,5/21/1992,dropped,7160,FALSE,475632665,Ludovico,7,,470,TRUE
924823107,Emery,Beverley,Epton,Freshman,2009,geptond2@networksolutions.com,829-744-6402,25 Shopko Alley,6,6,11/30/1991,dropped,2576,TRUE,366228131,,24,,471,FALSE
926765003,Lynnell,Winifred,Emlen,Freshman,2019,cemlend3@paginegialle.it,388-128-5159,49 Dottie Junction,6,6,4/14/1995,deferred,7866,TRUE,966851278,,24,,472,FALSE
938451396,Solomon,Justis,Janecki,Freshman,2000,djaneckid4@chron.com,710-527-2390,666 Kedzie Terrace,10,37,3/13/1997,active,5022,FALSE,193190054,,14,,473,FALSE
983465350,Paxton,,Gritten,Freshman,2008,fgrittend5@last.fm,754-272-1107,5 Troy Alley,5,3,8/13/1992,abroad,2035,TRUE,269582997,,7,,474,FALSE
957741938,Corissa,Livy,Sparhawk,Freshman,2012,ssparhawkd6@spiegel.de,915-593-4120,08672 Cardinal Trail,5,22,10/12/1995,active,1026,FALSE,580639302,,14,,475,TRUE
931490508,Erie,Michele,Poyser,Freshman,2010,rpoyserd7@shutterfly.com,714-674-6097,1494 Fair Oaks Court,6,35,10/26/1995,dropped,2799,FALSE,342240867,,7,,476,TRUE
921540671,Priscella,Chantal,Kibbe,Freshman,2008,tkibbed8@nba.com,859-994-5878,66881 Vernon Hill,3,17,7/16/1997,dropped,8853,TRUE,643984708,,14,,477,FALSE
934612364,Francoise,Nadeen,Kevlin,Freshman,2002,hkevlind9@mayoclinic.com,326-388-1661,8 Schlimgen Place,5,4,3/30/1992,dropped,8297,TRUE,406153984,,24,,478,FALSE
942668941,Darby,Axel,Strafford,Freshman,2006,astraffordda@ox.ac.uk,889-955-3252,04994 Pierstorff Way,5,17,2/14/1988,dropped,5166,FALSE,989913807,,24,,479,FALSE
934691097,Walliw,Delmor,Stroud,Freshman,2014,astrouddb@gizmodo.com,186-641-9535,10590 Sherman Place,8,37,5/12/1996,deferred,5449,FALSE,185503639,,24,,480,FALSE
917249904,Moshe,,Cassin,Freshman,2004,fcassindc@squarespace.com,446-314-7955,864 Londonderry Way,9,7,3/5/1988,deferred,5762,FALSE,884898296,,7,,481,FALSE
987919233,Prescott,Farica,Ridel,Freshman,2006,drideldd@hp.com,821-281-2183,25644 Park Meadow Drive,4,20,6/18/1988,deferred,9551,FALSE,312505068,,14,,482,FALSE
908251257,Ansel,,Coytes,Freshman,2009,jcoytesde@disqus.com,125-339-6871,5 Oriole Plaza,10,20,1/28/1994,deferred,4044,TRUE,720935594,,7,,483,FALSE
948617891,Janeva,Eldridge,McKeown,Freshman,2019,gmckeowndf@home.pl,349-878-0979,192 Kennedy Court,2,8,2/23/1995,active,3976,FALSE,314071832,,14,,484,TRUE
996651254,Napoleon,,Broadbent,Freshman,2004,lbroadbentdg@shutterfly.com,840-213-1326,564 Prairieview Pass,8,24,7/15/1997,transfered,4761,FALSE,182528541,Lewiss,14,,485,TRUE
924482544,Sinclare,Arline,Hardacre,Freshman,2007,chardacredh@infoseek.co.jp,403-552-0055,0 Garrison Crossing,4,29,8/26/1994,dropped,8451,TRUE,354662514,,14,,486,FALSE
965929281,Evania,Neddie,Humby,Freshman,2005,dhumbydi@taobao.com,739-978-6128,91 Luster Point,5,7,3/26/1995,dropped,5078,TRUE,281078735,,24,,487,FALSE
979834329,Joby,Lamond,Alexis,Freshman,2000,ralexisdj@cnet.com,804-519-3407,75 Texas Lane,1,33,1/14/1997,transfered,4969,TRUE,227078254,,7,,488,FALSE
915001522,Clemence,Erroll,Scurman,Freshman,2016,cscurmandk@vkontakte.ru,404-926-9096,840 Fair Oaks Plaza,1,29,9/9/1992,transfered,3852,FALSE,905136587,,24,lol,489,TRUE
976074025,Philippine,,Moxson,Freshman,2013,hmoxsondl@sohu.com,424-942-2855,81 Stuart Lane,4,34,11/30/1992,deferred,5495,TRUE,998747687,,24,,490,FALSE
988316297,Ameline,Barclay,How to preserve,Freshman,2005,dhowtopreservedm@hostgator.com,493-260-8813,66753 Express Way,8,36,7/22/1989,dropped,5409,FALSE,638190392,,14,,491,TRUE
999978068,Reade,Levy,Grange,Freshman,2019,kgrangedn@free.fr,281-159-3172,41 Gulseth Road,8,39,5/10/1992,abroad,6702,FALSE,774302406,Kaylil,24,,492,FALSE
919923294,Rand,,Colborn,Freshman,2001,kcolborndo@nbcnews.com,265-945-7627,39 Spohn Court,4,19,5/19/1992,dropped,2251,FALSE,489839531,Kyle,14,,493,FALSE
921403065,Bary,Aundrea,Prickett,Freshman,2018,vprickettdp@xrea.com,539-216-1118,2 Sunnyside Circle,5,28,10/17/1989,deferred,2348,FALSE,449846227,,14,,494,TRUE
967052237,Gianni,Lilias,Giller,Freshman,2003,ggillerdq@icio.us,566-626-2829,73856 Dorton Road,6,15,11/29/1996,abroad,8835,TRUE,307689551,,7,,495,TRUE
981042390,Marys,Deeyn,Carme,Freshman,2007,jcarmedr@theguardian.com,150-320-1172,33061 Debs Road,9,18,11/7/1996,abroad,2042,TRUE,474945412,,7,,496,TRUE
980955902,Renault,Morissa,Batchelour,Freshman,2012,vbatchelourds@springer.com,512-205-5304,234 Carberry Hill,3,2,3/15/1991,deferred,4731,TRUE,928195636,,7,,497,TRUE
921412887,Margaretta,Heida,Baford,Freshman,2005,rbaforddt@redcross.org,703-176-6238,6636 Memorial Point,7,32,1/14/1991,transfered,5833,TRUE,979276875,,7,,498,FALSE
948275475,Siffre,Devon,Castellucci,Freshman,2017,fcastelluccidu@fastcompany.com,380-862-2398,08 Forest Dale Court,1,40,11/20/1993,active,8694,TRUE,886524721,,7,,499,FALSE
913617179,Irvine,Tandie,Penzer,Freshman,2013,npenzerdv@163.com,166-205-6547,25609 American Ash Drive,10,1,1/26/1990,deferred,3737,FALSE,493224589,Norton,7,,500,TRUE
999204045,Steffen,,Lavarack,Freshman,2001,ylavarackdw@loc.gov,874-834-9596,5307 Clove Parkway,3,22,5/6/1991,transfered,5560,TRUE,631474566,,14,,501,FALSE