1,ResLife,Siward Garioch,290700,887021404,Register
2,Recreations,Rose Bowell,297468,186064670,Manager
3,Recreations,Hayyim Otterwell,58003,606087452,Register
4,Bon Apetite,Orbadiah Giraux,205692,177547807,Manager
5,ResLife,Mel Cardinal,280560,715540809,General
6,Bon Apetite,Claire Pietrzyk,196483,842125411,Manager
7,Recreations,Delcina Bollin,106452,919845709,General
8,Bon Apetite,Everett Blant,214108,182540487,General
9,Bon Apetite,Adrea Cresswell,40330,299382495,General
10,Recreations,Binnie Covert,134844,887982358,General
11,ResLife,Eveleen Wadsworth,54170,191152281,Manager
12,ResLife,Daryle Terrey,281346,499104467,Register
13,Recreations,Franky Juett,216567,232028024,Register
14,ResLife,Normie Trevor,287319,339463612,Manager
15,Academic,Mia Trail,231844,617977255,Advisor
16,Recreations,Lauri Prattington,292172,366062321,General
17,Bon Apetite,Lena Stollberg,129612,318743971,Register
18,Bon Apetite,Dari Curton,56713,856004698,Register
19,Recreations,Godart Skyppe,112180,932631926,General
20,Library,Callida Mitchinson,174232,728076403,Manager
21,Recreations,Talya Yakubowicz,201131,967724473,Register
22,Library,Margret Raff,246103,330649112,Register
23,Library,Jard Allkins,82112,430173894,Register
24,Bon Apetite,Tasha Elwel,67897,998739551,Manager
25,Recreations,Thurston Tickel,99961,637365069,Manager
26,ResLife,Agatha McGinn,231039,778408585,General
27,Library,Jimmie Nehls,48440,846536459,General
28,Recreations,Cinda Napolione,128945,734533491,General
29,ResLife,Robb Gendricke,121627,607160073,Register
30,ResLife,Teresa Clemmett,110776,830106700,General
31,Library,Nicole Marfell,81421,158212432,Manager
32,Bon Apetite,Melantha Denniss,53397,588456280,Manager
33,Library,Ashley Grigorkin,150708,824358727,Register
34,Library,Brana Tredgold,145141,568956655,General
35,ResLife,Reinold Tern,149070,963921361,Register
36,Academic,Corie Kosiada,289767,658777358,Advisor
37,ResLife,Rodolphe Addenbrooke,101354,242669623,Register
38,Bon Apetite,Cloris Klimashevich,181160,204959629,Manager
39,Bon Apetite,Haskel Szymczyk,92133,393079707,General
40,Bon Apetite,Alix Waycot,236486,726918763,General
41,Recreations,Manon Ranyard,49246,204853109,Manager
42,ResLife,Sylvia Corzon,222597,228167737,Manager
43,Library,Dorotea Itter,288327,633750854,Register
44,Library,Ignacius Bonar,117903,538820282,Manager
45,Academic,Lucia Seawell,151331,313616881,Advisor
46,ResLife,Nevile Dunn,68358,592765092,General
47,Academic,Brenden Dailly,238675,152394619,Manager
48,ResLife,Cornela Dytham,173935,391159763,Manager
49,Bon Apetite,Rory Ourry,115764,423472151,Register
50,ResLife,Ora Franzini,218353,441855483,General
51,Recreations,Dennis Falla,260478,622591508,Register
52,Recreations,Brigitte Fortnam,117234,602078936,Register
53,ResLife,Adele Duckit,55715,513059501,Manager
54,ResLife,Jandy Spinella,109311,229441999,General
55,Library,Timothee Omar,293114,620949734,General
56,Bon Apetite,Ynez Gapper,214409,589433487,Register
57,Library,Sammie Benley,97857,429942536,Register
58,Bon Apetite,Sib Crump,237778,205638423,Register
59,Library,Hynda Boggas,77093,226787152,General
60,Library,Kirsti McCalister,80705,656630313,Register
61,ResLife,Gordan Lesaunier,293035,840138776,Manager
62,Academic,Raul Canto,83609,765939391,Manager
63,Bon Apetite,Emlynne Pollastro,51978,750981466,Register
64,ResLife,Marshal Pepper,150508,338413450,General
65,Bon Apetite,Genovera Fishley,245349,860867063,Manager
66,Recreations,Wilie Kellert,267086,633028288,General
67,Bon Apetite,Rosalie Wakelin,75429,288518950,Register
68,Library,Betteann Tuck,227007,799534777,General
69,Bon Apetite,Mariann Manklow,297042,406578077,Register
70,Bon Apetite,Benton Netherclift,260403,426038724,Manager
71,Recreations,Maurits Darrach,249209,329609069,General
72,Library,Shanna Colliard,277054,204503511,Register
73,Library,Daron Karpol,145971,113073651,General
74,Bon Apetite,Nils Longea,160735,551872565,Register
75,ResLife,Odey Elkins,262421,838981058,General
76,Recreations,Tamar Schober,270788,700839179,Manager
77,ResLife,Ernie Valero,226207,287096773,General
78,Academic,Paxon Saylor,33270,619528915,Advisor
79,Academic,Ellery Lindeberg,201947,972027386,Professor
80,ResLife,Rikki Tregenna,285137,748882340,Manager
81,ResLife,Elonore Trenfield,224956,259588451,General
82,Bon Apetite,Gretchen MacGee,239511,964970738,Manager
83,Bon Apetite,Brandy Wilcocks,207986,720112268,Manager
84,Library,Livia McElane,87345,889674196,General
85,ResLife,Hy Coo,32343,407407139,Register
86,Bon Apetite,Eilis Nesbitt,192009,559774858,Manager
87,Bon Apetite,Josephina Rozenzweig,82082,854409088,General
88,Academic,Ranna Coleshill,57322,184794891,Professor
89,ResLife,Elga McGillivray,135838,651843675,Manager
90,Bon Apetite,Whitby Randalson,47912,637827807,General
91,ResLife,Danny Crangle,263186,875425713,Manager
92,Recreations,Saundra Crossingham,287027,218674944,Register
93,ResLife,Adrienne Leuren,264633,670793253,General
94,Bon Apetite,Braden Von Helmholtz,57449,396714714,Register
95,ResLife,Idaline Georgeot,42187,526342419,Register
96,Bon Apetite,Clem Lewsy,69863,996062045,General
97,Recreations,Abeu MacMychem,229350,476553296,Register
98,Academic,Abbe Durnin,151144,794542835,Professor
99,Academic,Caitrin Batham,266731,751340512,TA
100,ResLife,Ronnica Akester,111245,434127630,Register
101,Bon Apetite,Der Vignal,234358,399245840,Register
102,ResLife,Bobbi Goley,130772,231457779,Register
103,Academic,Will Leece,184240,786584071,Professor
104,Library,Tully Binner,104935,832939516,General
105,ResLife,Carly Grimes,86367,587304600,General
106,Bon Apetite,Seumas Habbon,30656,186246672,Register
107,Bon Apetite,Ara Soane,76800,163420755,Register
108,Bon Apetite,Shellysheldon Allport,295926,379153495,Manager
109,Recreations,Constantia Todari,138041,403812415,Manager
110,Bon Apetite,Katey Pooley,85133,422824222,Manager
111,Academic,Freedman Cornilli,146798,320092937,Professor
112,Bon Apetite,Otho Shaw,273015,613520280,Manager
113,ResLife,Perceval Hubeaux,65135,451763652,Manager
114,Library,Dav Chasen,142385,922482852,Manager
115,Bon Apetite,Susan Ellor,235888,534908272,General
116,Recreations,Merv Cettell,190736,275162073,Manager
117,Bon Apetite,Charlotta Grayley,250966,583379682,Manager
118,Academic,Octavius Bethune,74807,577673721,TA
119,Recreations,Nadean Catcherside,188141,502799615,General
120,Academic,Eirena Floch,56941,470599879,Professor
121,Recreations,Calli Roubay,94733,174197266,Manager
122,Academic,Fletcher Hulson,97915,476448172,TA
123,Academic,Moll Bargh,284725,571807925,Manager
124,Bon Apetite,Syd Le Monnier,133087,403147830,Manager
125,ResLife,Fransisco O Mullen,58340,482326257,Register
126,ResLife,Reena Mighele,81667,619311907,Register
127,Recreations,Ralph Dumbar,57039,623002044,Register
128,Library,Annabelle Foucard,87792,441891050,Manager
129,Academic,Hilary Skipsey,210122,259562809,Advisor
130,Bon Apetite,Greta Dudny,240083,191455471,Register
131,Academic,Phedra Grewer,64918,544206321,Professor
132,ResLife,Josiah Rickson,88330,627155516,Register
133,Bon Apetite,Stephanus Bridewell,157004,511395507,Register
134,Bon Apetite,Oriana Buney,85368,136873143,Register
135,Recreations,Maddie Gayter,128782,436158434,Manager
136,Recreations,Wynny McPhilemy,250719,294275566,Manager
137,Library,Goldina McJury,258926,333081307,Manager
138,Academic,Worden Starzaker,134099,600472054,Professor
139,Academic,Basilio Kertess,283730,902929279,TA
140,Academic,Giselbert Holgan,134006,710432394,Professor
141,Recreations,Shaina Gowing,171594,822532692,Manager
142,ResLife,Gerhardt Winfindale,53264,528119753,Register
143,Bon Apetite,Marrissa Huster,53049,887024971,General
144,ResLife,Sella Loxston,101618,539386627,Manager
145,Library,Riki Pitfield,140502,704887672,General
146,Bon Apetite,Herta Doey,199618,988203596,Manager
147,Recreations,Regine Levesque,280141,486679508,Register
148,Library,Meg Oboy,212898,527260206,General
149,Academic,Jacintha Cornewell,138906,611063159,TA
150,Library,Delbert Gowthrop,249334,176963158,Manager
151,Academic,Jazmin Basnett,222261,762214132,Manager
152,Recreations,Mylo Matteacci,123989,948267480,General
153,Academic,Brietta Hilldrop,201409,878115161,Professor
154,Library,Karlen Fillary,251639,194817216,Register
155,ResLife,Geraldine Domenc,284719,675139893,Manager
156,Academic,Ddene Goodlud,128704,380745419,Manager
157,Recreations,Dagny Godart,110490,758737159,Register
158,Academic,Merola Francklyn,69147,139085554,Advisor
159,Bon Apetite,Kile Ebenezer,125752,503463520,Manager
160,Recreations,Engracia Gorrissen,150180,118098574,General
161,Recreations,Lark Clemendot,71624,793736730,Register
162,Bon Apetite,Madison Farnan,216429,885045090,Register
163,Library,Cliff Mar,224189,446867792,Manager
164,Library,Vikky Taaffe,213011,643587406,General
165,Library,Giustina Blogg,221082,403716584,Register
166,Academic,Imogen Myrie,166642,718111674,Manager
167,ResLife,Nanni Dalziel,116156,802204967,General
168,Recreations,Dorelia Aimer,250489,622979277,Manager
169,Bon Apetite,Devy MacHoste,286476,384279448,Register
170,Academic,Fredia Abotson,290892,713927187,TA
171,Academic,Drucy Allenby,168278,566905727,Professor
172,Academic,Reid Boord,43509,142157835,TA
173,Recreations,Vance Grady,116112,590187387,Register
174,ResLife,Darnall McCart,135211,752766740,General
175,Bon Apetite,Zondra Byatt,124099,773608809,General
176,Recreations,Ranna Lonie,267733,961190388,General
177,Academic,Ellsworth McDuffie,297636,632255363,Advisor
178,Bon Apetite,Laurice Mylechreest,168898,236320757,Register
179,ResLife,Giselbert Thorndale,46098,834522285,Register
180,Library,Colman Dradey,192624,515969587,General
181,Academic,Marabel Langer,220079,221841021,TA
182,Recreations,Erinn Barnett,243977,729016697,Manager
183,Recreations,Maribelle Bancroft,53488,380422059,General
184,Library,Wilt Manson,50750,108498846,Manager
185,Academic,Edmon Hainsworth,256026,140929227,Professor
186,Academic,Marie-ann Sigmund,141453,350535847,Manager
187,Bon Apetite,Maryanna Heathcott,294356,439909724,Manager
188,Bon Apetite,Tobe MacAnulty,83237,713474760,General
189,Recreations,Kirstin Hoult,202477,786038474,General
190,Library,Dougy Silk,130639,232478628,General
191,Bon Apetite,Genevra Badby,218405,788056942,Register
192,ResLife,Merola Hambrick,205469,419440344,General
193,Bon Apetite,Trueman Dyzart,107651,171936812,General
194,Recreations,Adelind Teggart,201730,376984721,Manager
195,Academic,Adelice Juara,198673,848176062,Advisor
196,Bon Apetite,Amandy Swansbury,104877,360022713,General
197,ResLife,Jeannie Izak,256522,169209280,Register
198,Academic,Leigha Legge,45722,279498577,Manager
199,ResLife,Justinn Tonbye,286867,804255058,Register
200,ResLife,Dukie Dranfield,193776,665094363,Register
201,ResLife,Gratiana Swabey,210376,333177849,Manager
202,ResLife,Donna Besque,53485,937387643,General
203,Library,Derek Whitlam,105830,903386003,General
204,Recreations,Arleen Smail,280856,772421728,Register
205,Bon Apetite,Danna Magnay,158528,311024286,General
206,Recreations,Linnell Kaliszewski,297606,412814391,General
207,Bon Apetite,Hillary Ainslee,214917,288703953,Register
208,ResLife,Rici Dade,92976,984389192,Manager
209,ResLife,Seumas Terbeck,165094,262870456,General
210,Recreations,Daloris Conner,254381,523326521,General
211,Library,Bailey Libbey,246827,281528839,Manager
212,Academic,Annabell McLeod,43809,273710930,Professor
213,Recreations,Albert Marten,232321,440599346,Manager
214,ResLife,Morris Shiril,188169,708618007,Manager
215,Academic,Roby Iacovides,51645,626280193,Professor
216,ResLife,Janey Ebbers,81400,784498917,General
217,Library,Isabelle Dymott,148041,815806550,Manager
218,Academic,Roxanna Trethowan,282864,866449646,Advisor
219,Recreations,Glad Vaggs,196855,631679717,Manager
220,Bon Apetite,Alma Diggle,214597,648166340,Register
221,Library,Damita Kitchener,117917,407446546,General
222,ResLife,Fancy Wadeson,93259,385758558,Manager
223,Academic,Vivyan Ketchaside,232602,491188309,Professor
224,Academic,Morey Assard,284653,716057051,Manager
225,ResLife,Quinta Stabler,105587,403686182,Register
226,Academic,Marna Breheny,95488,482491468,Professor
227,ResLife,Obidiah Kinghorn,38892,881173989,General
228,Library,Bucky Sandland,233638,781242791,Register
229,Recreations,Ricca McPike,289967,572318467,Register
230,Recreations,Demetrius Coote,32093,495242368,Manager
231,Library,Lowe Walbrook,132253,297848423,Manager
232,Academic,Otes Inkin,190547,967994812,Professor
233,Academic,Byrom Wetwood,111710,320171278,Professor
234,Library,Pace McNee,42270,376283017,Register
235,Academic,Dugald Lambird,160793,854473578,Advisor
236,ResLife,Glyn Eric,197486,118066994,Manager
237,ResLife,Henka Kilcullen,284995,809966326,Manager
238,Recreations,Claybourne Klaves,281611,883700810,General
239,Academic,Haleigh Chugg,38664,350855969,Advisor
240,Recreations,Burke Guarnier,209253,432441662,General
241,Academic,Brok Jotcham,193498,642243709,Professor
242,Library,Haley Menichini,141790,196677532,Manager
243,Bon Apetite,Etty Whatsize,34941,904461471,General
244,ResLife,Gilburt Brade,241623,580497773,Manager
245,ResLife,Thorsten Wehden,279845,882979943,General
246,ResLife,Edwina Alsop,122728,746628112,Manager
247,Bon Apetite,Daphne Sawood,174682,990036310,Register
248,Recreations,Roman Burkhill,251962,960352742,Register
249,Academic,Carma Delves,265143,148268239,TA
250,Recreations,Helyn Glossop,277178,896475769,General
251,Bon Apetite,Benjy McCamish,117315,412601091,Register
252,Academic,Chelsae Beetlestone,229006,764647852,Manager
253,Library,Jammie Fortnum,35108,327082488,Manager
254,Recreations,Coleen O'Heyne,147440,959945325,Manager
255,Bon Apetite,Gasper Holsall,43192,495847645,Register
256,ResLife,Kai Silverthorne,189777,553684043,Manager
257,Library,Misty Shuttleworth,158075,957701895,General
258,Bon Apetite,Temple Pym,179502,866328030,General
259,Recreations,Malanie Richard,39097,192389737,Register
260,Library,Rosella Allmann,268951,828643537,Register
261,ResLife,Alayne Coopper,235825,754624694,Manager
262,Academic,Sayre Dawney,298717,629851313,Manager
263,Recreations,Ileane Dell Casa,64840,524449964,Register
264,Library,Filide Cosin,292981,164204845,Manager
265,ResLife,Basia MacLure,165687,723539950,Register
266,Bon Apetite,Josie Umfrey,108177,253543880,Manager
267,Academic,Regan Feye,166230,388482674,Professor
268,Academic,Brander Van Son,273269,367582244,Professor
269,Academic,Ally Rowesby,261094,177496863,Manager
270,Library,Eddi McGillecole,273515,734413206,Register
271,Library,Ira Bridle,262194,397158246,General
272,Academic,Nonah Joysey,106830,578333115,Professor
273,Academic,Neall Elvy,171227,132305951,Professor
274,ResLife,Ericka Northcliffe,251582,478217942,Register
275,Recreations,Ulrica McVitie,122180,122532291,Manager
276,Recreations,Jeni Davern,128257,436506939,Register
277,Academic,Nanette Sheryn,193115,708311488,TA
278,Recreations,Jayne Kayzer,206052,994922512,Manager
279,Bon Apetite,Mart Ruffli,37430,878372490,General
280,Bon Apetite,Hatti Riggeard,179445,868223584,General
281,ResLife,Jonell Lampen,123090,849319410,General
282,Bon Apetite,Howey Barock,144073,214959703,Manager
283,Bon Apetite,Viki Woolham,272267,115795661,Register
284,Recreations,Ethelind Zanioletti,68265,933679103,General
285,ResLife,Kamilah Abramson,179804,859895727,Register
286,Bon Apetite,Mickey Trowler,270487,578041483,General
287,Recreations,Sadie Menel,115840,507339666,General
288,Library,Otho Rolfe,117367,697556510,Manager
289,ResLife,Giustina McTrustey,83023,475076314,Manager
290,Recreations,Doralyn Week,242044,580087105,General
291,Library,Paige Britian,184468,225942355,Register
292,Bon Apetite,Birdie Pidgeon,280292,104946004,Manager
293,Bon Apetite,Theodore Steel,265635,637915380,Register
294,Bon Apetite,Donica Muzzollo,101248,115144704,General
295,ResLife,Horton Fieldsend,293394,290435389,Manager
296,Recreations,Janene Golledge,213323,693360689,General
297,Academic,Hedwig Kemwall,144070,162821191,Professor
298,Bon Apetite,Emmet MacElholm,67602,813952800,Register
299,Academic,Rebekkah Dunstall,40392,305305702,TA
300,Academic,Slade Irons,164188,704928875,TA
301,ResLife,Winfield Matyushenko,218933,969920392,General
302,Recreations,Cesaro Gerard,37179,838630959,Manager
303,Bon Apetite,Cori Hawkridge,176958,631351773,General
304,ResLife,Row Utley,59820,459450204,Register
305,Recreations,Elie Pitkaithly,123218,786440158,General
306,Library,Emma Onslow,139560,104773169,Register
307,Bon Apetite,Donnie Nancekivell,219638,920245157,Register
308,Library,Gussi Mompesson,278472,963626131,Register
309,Bon Apetite,Shamus Ludovico,171281,283851848,Manager
310,Library,Betsey Medmore,250224,746899744,Manager
311,Library,Carey Dumbleton,111466,209228927,Register
312,Recreations,Kimbell Colpus,222031,154350498,Manager
313,Academic,Corney Bodiam,242485,217582214,Professor
314,Academic,Raimundo Gonin,109462,585171144,Professor
315,Bon Apetite,Aland Sinney,270656,294330264,Register
316,ResLife,Carney Giff,168434,429419970,General
317,Library,Osbourn Shawcross,273091,858442588,General
318,Library,Berne Rosettini,75715,305738332,Manager
319,ResLife,Abra Pinkerton,180769,929747826,General
320,Library,Cass Skells,136125,106937546,General
321,Academic,Donnamarie Leadston,253760,145080863,Professor
322,Library,Hendrick Lynam,78966,657017380,Register
323,Recreations,Goldi Lowseley,265685,204729284,Manager
324,Library,Anastasia Imore,105675,437048637,Register
325,ResLife,Kaila Wiggington,234545,355041019,General
326,ResLife,Marian Harvison,40028,924020252,General
327,Bon Apetite,Emelda Scollan,93623,377989327,General
328,ResLife,Salomo Pohl,90455,749321237,General
329,Academic,Karoly Blaisdale,116403,559745279,Professor
330,Bon Apetite,Faustine Yewdall,243397,205404749,General
331,ResLife,Silva O'Brian,162404,404595032,Manager
332,Academic,Alf Nancekivell,130153,944241440,Professor
333,Bon Apetite,Juanita Stirman,284250,588652077,General
334,Recreations,Wit Petty,162591,873668607,General
335,Library,Antonella Carlozzi,148831,423273272,Register
336,ResLife,Gearalt Headrick,276320,886823755,Manager
337,Library,Karylin Dunster,33264,735639324,General
338,Library,Joannes Goodswen,46129,717366460,Register
339,ResLife,Raimondo Elliman,218601,607835858,Register
340,ResLife,Rorie Daintrey,34362,346575728,Register
341,Recreations,Derby Rykert,153631,859331942,Register
342,ResLife,Lucine Trussler,209228,427706228,General
343,Bon Apetite,Burg Rawle,119608,663535955,General
344,ResLife,Clareta Parmeter,150810,542042833,Manager
345,ResLife,Fielding Hodgen,74004,884000058,Manager
346,Bon Apetite,Iona Lumly,86822,823430600,Register
347,Recreations,Shelba Scripps,129207,897781434,Manager
348,Bon Apetite,Hephzibah Stollenberg,187254,946181578,General
349,ResLife,Ricoriki Vondrach,84381,255157821,Manager
350,Recreations,Marve Alpe,243617,836307878,Register
351,ResLife,Aylmar Bresner,38281,415387954,Register
352,Recreations,Griz Gunther,219961,830395924,General
353,Recreations,Rosabella Stirtle,172152,347831545,Register
354,ResLife,Jesselyn Sesons,156566,788537436,Manager
355,Recreations,Othello Colliber,254202,159538236,Manager
356,ResLife,Kevyn Durbyn,263266,452093311,Register
357,Bon Apetite,Alida Guerreau,207617,584372609,Register
358,Academic,Eugenia Twelve,211141,539690087,Professor
359,Recreations,Fiann Tieman,238387,321715723,Register
360,Academic,Pieter Orhtmann,98393,924478622,Professor
361,Bon Apetite,Titus Esseby,99639,527557369,Register
362,Academic,Kerby MacCall,76431,689137952,Professor
363,Library,Dolorita Whitsun,113121,274162969,General
364,Bon Apetite,Yard Leatherland,221861,535430791,Register
365,Academic,Lucas Tavener,80527,407664465,Professor
366,Library,Idelle Androletti,287780,472406971,Register
367,Library,Stanislaus Daal,242421,812013345,Manager
368,Bon Apetite,Sonja Lakenton,266404,438658204,Manager
369,Bon Apetite,Bradford Jinks,63396,174256528,Register
370,Bon Apetite,Holly-anne Taylour,263157,988681512,General
371,Library,Ashli Nuzzti,253480,192870524,General
372,Recreations,Devlin Nashe,270113,214434844,Register
373,Library,Vaughn Cuchey,216007,627841666,Manager
374,Academic,Ignace Dybald,41238,205444262,Professor
375,Academic,Herschel Basili,187597,395302487,Professor
376,Library,Verney Egerton,183850,108402260,General
377,Bon Apetite,Fidela Attew,264931,768455733,Register
378,ResLife,Tallou Kirtlan,80478,404158390,Manager
379,ResLife,Annora Aslum,181005,975852618,Manager
380,Recreations,Inez Burnhard,38171,742510449,Register
381,Bon Apetite,Cornie Desesquelle,237877,790324801,Register
382,Library,Mitzi Gatman,75713,107994345,Manager
383,Recreations,Tabbi Pleace,288407,602667781,General
384,Library,Rozella Cloy,145563,875497263,General
385,Library,Linet Fontel,138202,292836920,Register
386,Bon Apetite,Vanny Radnedge,75134,341765631,General
387,ResLife,Selma Liddon,110025,619518280,Manager
388,Academic,Kendricks Eastbury,70884,668646520,Professor
389,Recreations,Ric Matuszewski,91857,305457409,Register
390,Bon Apetite,Shaine Blaise,283446,985936029,General
391,ResLife,Zebulen Reis,207179,291097838,Manager
392,Bon Apetite,Steffi Dacey,103316,107229544,Manager
393,Recreations,Adams Pearcy,232487,183890316,Manager
394,ResLife,Andra Rzehorz,239850,416085241,General
395,ResLife,Sabra Ramsby,217697,191278995,Manager
396,ResLife,Rosamund Nesby,120004,201283917,Manager
397,Bon Apetite,Jacquelyn Jzhakov,78217,385021514,Register
398,Recreations,Mandy Knapton,164344,887223057,Register
399,Academic,Fina Lehr,291906,916388396,Professor
400,Academic,Towney Sanders,271635,298885311,Manager
401,Library,Gui Bownas,282801,335964058,General
402,Academic,Donnajean Tomasicchio,246834,284921128,Advisor
403,Library,Laure McGonagle,211212,665055363,Register
404,Library,De Benediktsson,211432,504430113,Manager
405,Academic,Lynelle Lalevee,108121,759367401,Professor
406,Recreations,Jocelyn Volant,180708,784634444,Register
407,Bon Apetite,Guthrey Camlin,55073,641154204,Manager
408,Recreations,Carri Applegarth,119218,112766286,Register
409,Bon Apetite,Eleonora McEvay,68117,660379429,General
410,Bon Apetite,Rickey Cudby,39317,963852563,Register
411,Library,Tommie Moncrieffe,198017,205540954,Manager
412,Recreations,Briano Abethell,120161,311883706,Manager
413,Library,Brittany Dies,159733,623689855,Manager
414,Academic,Alanna Cox,141051,198894641,Professor
415,Bon Apetite,Hannah Rous,180881,786320243,General
416,Academic,Chrotoem Gytesham,198047,228049995,Professor
417,Bon Apetite,Zelma Kobisch,205366,219154865,Manager
418,Library,Dorine Crowder,181158,998216350,Register
419,Bon Apetite,Nick Fallens,155605,626160506,Register
420,Bon Apetite,Sheilah Lanchbury,195279,564147128,General
421,Bon Apetite,Kele Blakeman,89450,536394795,Register
422,Library,Maxy Coutthart,76794,677163381,Register
423,Bon Apetite,Daniel Bisp,249392,352278779,Register
424,Academic,Meriel Chesser,129671,494801761,Manager
425,Recreations,Fawnia Pedrol,134967,323742677,Manager
426,Academic,Tomlin Maffucci,235777,494680040,TA
427,Bon Apetite,Giorgi Swinbourne,39934,108136827,Manager
428,Bon Apetite,Emmalee Record,65631,104884086,Register
429,Library,Oby McQuin,171289,111525704,Manager
430,ResLife,Ryann Servant,193465,171900163,Register
431,ResLife,Elayne Jandourek,34734,979983277,Register
432,Recreations,Antoinette Fillary,86033,359944651,Register
433,Academic,Alida Oxenham,211850,639286975,Manager
434,Recreations,Alexina Jopp,298183,731851330,Register
435,Academic,Chester Boyan,190718,277572135,Professor
436,ResLife,Doll Wakes,289232,335802258,General
437,Academic,Morly McAlinden,153286,119620993,TA
438,Academic,Veradis Lundbeck,44122,510083941,Manager
439,Academic,Kristos Makin,114753,782092677,Professor
440,Library,Alisa Mathiasen,239578,275718183,General
441,Academic,Ulrikaumeko Girodier,195396,335085264,Professor
442,Recreations,Mikael Skirvane,35592,951151495,Register
443,Recreations,Nikita Havoc,106552,913765092,Manager
444,Library,Tiphany Spyvye,275842,367776836,Register
445,Library,Mignon Gasker,113625,940758345,Register
446,Bon Apetite,Lori Lashmore,190681,963633583,Manager
447,ResLife,Zelma Causton,209392,207458885,General
448,ResLife,Susana Faulds,35773,474827503,General
449,ResLife,Gracie Affleck,262132,913808925,Register
450,ResLife,Chick Pitchers,88475,555828407,Manager
451,ResLife,Javier Duff,69650,234353871,Register
452,Recreations,Gard Reedie,105452,403012342,Manager
453,Academic,Dilly Trayling,165059,697294366,Professor
454,Library,Ingamar Zemler,214929,501667445,General
455,Recreations,Shalna Tschierse,265012,984032651,Manager
456,Bon Apetite,Ange Estoile,161595,404581465,General
457,Recreations,Anastasie Lusted,32366,828016578,General
458,Library,Erv Gaither,182714,907567977,Register
459,ResLife,Jareb Leadstone,98753,536297518,General
460,Bon Apetite,Lenka Maris,163784,522942575,Register
461,Academic,Nickolai Gotliffe,130363,987603050,Professor
462,Bon Apetite,Harlan Carlo,51771,424143435,Register
463,Bon Apetite,Davidde Seckington,114417,397941860,General
464,ResLife,Elden Howford,55603,627538280,Register
465,Bon Apetite,Sharyl Ratke,180740,481389378,Manager
466,Recreations,Sophronia Dyte,187304,406329631,General
467,Library,Ileane Outright,119054,559336634,Register
468,Academic,Katerine Emanuel,250739,149486729,Professor
469,Academic,Allin Groocock,200327,476811609,Professor
470,Recreations,Kyrstin Barriball,129014,566178757,Manager
471,Library,Neil McGinn,278019,624969466,Register
472,Recreations,Lynnea Chasen,154563,481105141,General
473,Library,Yulma Durrington,124813,121700765,General
474,ResLife,Nathanil Durrand,159509,182404398,General
475,Bon Apetite,Rogers Siuda,176386,371170269,Manager
476,Recreations,Skipp Barratt,224294,579455637,General
477,Library,Neill Sire,161759,514414245,Register
478,Bon Apetite,Tedmund Fearick,151792,376679348,Manager
479,Recreations,Melesa Yukhnini,219961,471351174,General
480,Bon Apetite,Hyacinth Castleton,184344,300809465,Register
481,Bon Apetite,Ceciley Jessup,221571,650706897,Register
482,ResLife,Hamid Schreiner,276389,962556360,Register
483,Recreations,Ally Oldall,37209,288445134,Manager
484,Academic,Emalia Colles,116272,997865905,Professor
485,Recreations,Leonie Civitillo,220861,670295601,General
486,Library,Vassili Dufoure,196408,846276342,Register
487,Academic,Glynnis Mebes,294530,222816983,Manager
488,Library,Ophelia Dachey,68172,369746001,General
489,Academic,Katha Croxon,42975,915705609,Manager
490,Library,Tatiania Polack,255150,999924662,Register
491,Bon Apetite,Harris Baike,199502,187209412,Manager
492,Academic,Tybie Levine,276854,163136786,Professor
493,Recreations,Verne Avrasin,81283,685525089,Manager
494,Bon Apetite,Fan Littleover,146922,635045478,General
495,Recreations,Roderigo Surcombe,249151,749057929,Manager
496,ResLife,Micky Edmonds,149432,557966225,Register
497,Recreations,Raven Sparkwell,215877,604293491,Register
498,Academic,Stephenie Hambleton,248393,211827436,Advisor
499,Academic,Abie Whettleton,103976,426577865,Advisor
500,Academic,Adriano Yeldon,153509,865336517,Manager
501,Academic,Reece Klessmann,90301,829658763,Professor
502,Library,Idalia O'Carney,149220,602812160,General
503,Bon Apetite,Hermina MacArd,61934,601663245,General
504,Recreations,Hunt Skeates,166046,790526748,Manager
505,Academic,Hughie Jewett,259370,615973295,Advisor
506,ResLife,Nara Dybell,163939,985600218,Manager
507,Academic,Paule Briars,140873,605304490,Advisor
508,ResLife,Izzy Hradsky,132107,356632099,Manager
509,ResLife,Sybila Aggio,153802,345565113,Register
510,Recreations,Cristina Lackinton,53197,278417911,General
511,Bon Apetite,Moses Nottingam,248741,583469858,General
512,Academic,Charlotta Pedroni,214446,170829933,Advisor
513,Bon Apetite,Rance Folke,175267,660117978,General
514,Recreations,Gwenneth Dwelley,295609,346413581,Register
515,Library,Iago Donizeau,116045,572798101,Register
516,Recreations,Rube Lynnitt,35656,192980694,Manager
517,Recreations,Marielle Drayson,286907,691748263,Manager
518,Recreations,Vale Calley,126786,122810176,Register
519,ResLife,Allie Salsberg,139219,553030278,Manager
520,Recreations,Shawn Jeannaud,77682,938036601,Manager
521,Recreations,Jesus Triggel,266087,977345270,Manager
522,Library,Hedwig Dankersley,222015,373585628,Manager
523,Academic,Brittaney Studders,54185,128282509,TA
524,Recreations,Geordie Ellams,133500,384029924,General
525,ResLife,Tara Aubery,161254,907654189,Register
526,Recreations,Broderick Jiroudek,30886,807288889,Register
527,Bon Apetite,Randal Barrack,72320,165174253,Register
528,ResLife,Cassius Ordemann,131481,583097258,Register
529,Library,Willdon Stolte,273593,408228958,General
530,ResLife,Tamarra Riveles,295456,852357349,General
531,Academic,Davidson Linnemann,290073,433202029,Professor
532,ResLife,Benyamin Free,270878,140751027,Register
533,Library,Elvyn Gronw,278128,521797473,Register
534,Library,Hewe Dibley,164359,665457546,General
535,Library,Cayla Crudgington,144410,685786901,General
536,Academic,Tierney Corington,244092,642371908,Professor
537,ResLife,Chucho Beglin,74546,639301348,General
538,Bon Apetite,Nomi Knok,250796,816253127,General
539,Library,Sheelagh McComas,272045,411693520,General
540,Recreations,Aili Reddle,175060,933335220,Register
541,ResLife,Wilona Haxley,60772,682096951,Manager
542,Library,Sandy How to preserve,292148,751156876,Register
543,ResLife,Bernadene O'Leagham,99432,637211798,General
544,Academic,Vinni Rapley,147961,953592212,Professor
545,ResLife,Benton Wendover,96734,174846340,Register
546,Recreations,Olenka Vezey,295159,635478232,Manager
547,Library,Pen Cranch,120381,121207391,Manager
548,Library,Donn Antonio,253421,236351464,General
549,Recreations,Bogart Danilovitch,190632,510131364,Register
550,Recreations,Elissa Jerke,213527,923131699,Manager
551,Academic,Germayne Gernier,277654,663945070,Manager
552,Recreations,Karlotta Hazeldine,135451,957036291,Register
553,ResLife,Alvinia Allflatt,212167,217972597,General
554,Bon Apetite,Rozelle Barok,32960,608656348,Manager
555,Bon Apetite,Ruttger Burtwhistle,268380,806684182,Manager
556,ResLife,Sharlene Davidow,279029,251015278,Manager
557,Library,Elliott Paradyce,231750,723805301,Manager
558,Library,Verena Timmermann,258872,346718909,General
559,Bon Apetite,Dermot Romeril,57071,890057119,General
560,ResLife,Galvan Meehan,76175,543456633,Register
561,Recreations,Ingeborg Ivie,223314,808702486,Register
562,Academic,Thorn Cantillion,205730,247103706,Professor
563,Bon Apetite,Jesselyn Reynold,212995,747192858,Register
564,Library,Ursala Monkman,55562,662847274,Manager
565,Academic,Tomlin Mathys,126358,997984963,Professor
566,Library,Willey Avrahm,211167,695449338,Register
567,Bon Apetite,Erinn Tootal,58570,656121138,Manager
568,Library,Tiebout Derry,240566,702695470,Manager
569,Recreations,Ulrika Croutear,266225,974403916,Manager
570,Library,Delano Braam,113960,151227140,Register
571,Academic,Alison Corradengo,172901,442122925,Manager
572,ResLife,Gypsy Birk,213133,208161052,Register
573,Recreations,Lisette Berrisford,63193,748766915,Manager
574,ResLife,Rollins Trevino,77256,348578220,Manager
575,Recreations,Opaline Stabbins,285172,716552485,Register
576,Bon Apetite,Elfrida Gorler,119710,752885034,General
577,Library,Jerry Mattei,48783,848245013,General
578,Recreations,Laurella Kermode,46869,732611282,Manager
579,Academic,Olympe Hazelhurst,114618,236103179,Professor
580,Academic,Elaina Reddle,279347,838420184,Manager
581,Bon Apetite,Elsinore Coots,71256,677050027,Register
582,Recreations,Franzen Braam,237697,102719178,Manager
583,Bon Apetite,Gale Spawforth,137835,977140799,General
584,ResLife,Bobinette Martinho,132901,333880208,Manager
585,Bon Apetite,Curran Parish,193825,439895502,General
586,Recreations,Olimpia Trousdale,156171,804373651,Register
587,Library,Jeremie Taunton,87273,821650940,General
588,Academic,Skelly Birchwood,116533,788925255,Manager
589,Academic,Fran Linkin,263743,798250663,Professor
590,ResLife,Ephraim Supple,160090,517078299,General
591,Bon Apetite,Peta Itzcovich,32405,197157429,Register
592,ResLife,Ody Gherardi,274127,189472079,Register
593,Academic,Ondrea Tuke,84873,727722073,Professor
594,Recreations,Rutger Bawdon,268941,912483005,Manager
595,ResLife,Alvira Balding,43959,153307672,General
596,ResLife,Menard Bottrill,268169,508077615,General
597,Academic,Freeman Sawfoot,56082,303766590,Manager
598,Academic,Hamid Aleksankin,51991,432213877,Professor
599,Recreations,Dicky Magee,199984,217342819,General
600,Bon Apetite,Caressa Gatchell,121138,963855218,Manager
601,Library,Carri Domoney,210635,342398782,Register
602,Academic,Joey Munroe,72719,500790709,Advisor
603,Library,Daphene McKeran,215850,921863835,Manager
604,ResLife,Stephani Lippi,203226,129197378,Manager
605,ResLife,Marcelline Callery,270611,202806044,General
606,ResLife,Marcellus Otridge,268747,539572319,General
607,Library,Lockwood Kinneir,249378,685163787,Register
608,Bon Apetite,Bearnard Fallowfield,225119,983131970,Manager
609,Recreations,Lyn Gouldthorpe,274551,964147081,Manager
610,Recreations,Vera Spirit,217945,366150804,Register
611,Academic,Rufus Vellender,107197,775023296,Professor
612,Library,Zola Stiffkins,75471,366716249,Manager
613,Academic,Tamara Eldon,206976,530781257,Professor
614,Recreations,June Hawthorn,104297,655174092,Manager
615,Academic,Traver Eales,211914,278112426,Professor
616,Library,Herminia Sawford,33814,831808304,Manager
617,Academic,Agnesse Bandey,290447,173494503,Professor
618,Academic,Umberto Derby,238387,415040790,Manager
619,Recreations,Ernie Breward,62028,585047761,Register
620,Bon Apetite,Barbabra Iacoboni,128574,477652962,Register
621,Bon Apetite,Flss Ennew,284693,754526408,Register
622,Recreations,Jillie Fitton,279650,886116074,General
623,Academic,Yul McPartling,169416,550350787,Professor
624,Recreations,Laina Coulbeck,284002,875441791,General
625,Academic,Annecorinne Bechley,30466,273135091,Professor
626,Recreations,Ulrike Younglove,163588,883891747,Manager
627,Academic,Rickey Swatland,117673,958371394,TA
628,Bon Apetite,Daveta Lyddon,166959,552098985,Manager
629,Academic,Janetta Larose,36487,647137732,Manager
630,Library,Pembroke Cluff,291705,620749085,General
631,ResLife,Ferne Torbeck,98081,401096309,General
632,ResLife,Baxie Gautrey,204815,970333689,Manager
633,Library,Oralie Peirce,226695,610931937,General
634,Academic,Christean Thurston,159942,660475564,Advisor
635,Library,Conway Grubb,97078,562796760,Manager
636,ResLife,Udell Meldon,153349,699207284,Register
637,Recreations,Erny Bette,145349,424974209,Register
638,Library,Clint Ashplant,164247,573287297,Manager
639,Bon Apetite,Shauna Skade,111264,325646138,Register
640,Recreations,Catha Kemmey,232839,722097346,General
641,Bon Apetite,Norry Bernardo,50136,691957055,Register
642,Library,Hobart Sidebotton,288203,521062907,General
643,Library,Marcelia Crosser,287365,105726311,Manager
644,Bon Apetite,Ashlin Inger,190152,590768784,Manager
645,Library,Cornell McFeat,250856,969223558,Manager
646,Bon Apetite,Hubie Dufour,60360,952359187,Register
647,Recreations,Pascale Halsho,160725,715432099,General
648,Bon Apetite,Berri Rupke,91534,458859839,Manager
649,Academic,Biddie Bradbury,75495,646738037,Professor
650,Recreations,Mair Boggers,147882,943515904,Register
651,Library,Lind Golt,105502,946232975,Register
652,Academic,Layney Delacourt,180509,743691793,Manager
653,ResLife,Laverna McLay,89074,996751089,Register
654,Recreations,Timmy Bundock,157363,349599575,Manager
655,Bon Apetite,Far Bickerstaffe,267719,574579271,General
656,Library,Farlie Derrick,251697,369931070,Manager
657,Academic,Bridie Gricewood,252517,278060062,Professor
658,ResLife,Haywood Hanton,136342,343089004,General
659,Bon Apetite,Hillery Baunton,76651,498816430,Register
660,Bon Apetite,Honor Tassell,224640,165067788,General
661,Academic,Tracy Fargie,111961,900459539,Professor
662,Academic,Blythe Cheshir,197519,956120709,Advisor
663,Academic,Chery Greenshields,100274,221125260,Professor
664,ResLife,Imojean Garthland,55026,376159777,Register
665,Recreations,Marna Ellerker,227581,410284806,General
666,ResLife,Cheston Cartmail,115236,583832132,Register
667,Library,Tiffie Ainslie,163082,568001473,Manager
668,ResLife,Hartley Meller,253141,835230826,Manager
669,Recreations,Rosalinda Bargh,185865,463762552,General
670,Recreations,Hillard Angrove,53084,516072004,General
671,Recreations,Niles McSpirron,33271,586933002,Manager
672,Library,Conway Cotterill,83880,906312936,General
673,Recreations,Albina Bartolic,151592,729387312,Manager
674,ResLife,Vicky Oddey,132916,930851618,General
675,Academic,Adrian Crippin,197388,241722320,TA
676,Library,Wynny Peace,235897,721546330,General
677,Recreations,Berti Scade,134879,747722748,Manager
678,Academic,Aeriel Yurtsev,256688,315443018,TA
679,ResLife,Basilio Bielfeldt,216318,692650838,Manager
680,Recreations,Sheri Trevor,92660,612996998,General
681,Academic,Herschel Oene,236055,757234078,Advisor
682,ResLife,Cookie Ramard,165208,768599587,Manager
683,Recreations,Gustave Wrangle,80909,616928994,General
684,Bon Apetite,Bruce Revan,203473,217947198,General
685,Library,Kennith Blaxeland,125121,388110325,General
686,Bon Apetite,Josey Cathee,128023,201398040,Register
687,Academic,Husain Arnoll,53499,189131094,Manager
688,Bon Apetite,Tadeas Thaine,67718,176498323,General
689,Recreations,Kirby Cudby,42157,762150366,Register
690,ResLife,Fanya Schankelborg,174035,411336220,General
691,Recreations,Margy MacFarland,222013,337800626,Register
692,ResLife,Felice Trevon,277311,316286863,Manager
693,Library,Belita Frisdick,214574,243980358,Manager
694,ResLife,Waverly Girardini,122801,181920427,Register
695,ResLife,Cornela Westgate,224426,659208396,General
696,Academic,Florentia Cribbott,173564,778996598,Advisor
697,Academic,Garv Valenta,39079,176265850,Advisor
698,Recreations,Mersey Campbell-Dunlop,259780,908175978,Register
699,Library,Dareen Meffen,266908,624283101,Register
700,Academic,Cordy Pettwood,158352,807506976,TA
701,ResLife,Lexie Crate,118642,586465747,Register
702,Academic,Clyde Jolley,250017,582394225,Professor
703,ResLife,Britt Dene,111333,645586423,Register
704,Academic,Reed Becerro,264875,863506106,Professor
705,Academic,Dani Necolds,285346,813455748,TA
706,Library,Vail Tipling,49741,328876776,Manager
707,ResLife,Wallie Apthorpe,41097,275575499,General
708,Recreations,Dniren Barkly,294699,645666977,Register
709,Library,Michel Banton,159353,739266847,Manager
710,Academic,Faith Mangion,277582,537917757,Professor
711,ResLife,Brigida Whodcoat,72275,214137584,Manager
712,ResLife,Dorelia Capaldi,109109,761195597,General
713,Library,Carrol Davsley,136770,719609156,Register
714,ResLife,Trudie Meegan,135034,571849021,Register
715,Bon Apetite,Elke Pinhorn,160627,307633325,Manager
716,Library,Morly Fildery,230076,156815968,Register
717,Recreations,Caroline Quarles,62549,811476666,Register
718,Academic,Clark Garrood,284515,717479031,Professor
719,ResLife,Flory Hollow,106654,538337870,Register
720,Recreations,Devin McCloy,122343,747715087,General
721,Library,Cornall Damper,52929,699712498,Register
722,Academic,Hayyim Lippiello,183927,343768260,TA
723,ResLife,Star Shewery,231869,556115512,Register
724,Bon Apetite,Buffy O' Donohue,174044,317943258,Register
725,Recreations,Vevay Ambrogioni,75224,577110646,General
726,Bon Apetite,Wanda Lednor,165352,600038167,Manager
727,Recreations,Dalt Stennes,218529,693998948,Manager
728,Library,Mireille Prisk,113203,769084429,Register
729,Recreations,Annabal Alexis,269380,487288534,Register
730,ResLife,Kyrstin Moffatt,215360,986942703,Manager
731,Recreations,Obadias Persence,80567,782062889,General
732,Academic,Zak Moores,197966,101801795,Professor
733,Recreations,Caitlin Boarleyson,160596,165359035,Register
734,ResLife,Gearalt Stukings,213894,165513533,Register
735,Recreations,Lauri Hugli,122939,385113688,Manager
736,Library,Livy Kenny,84072,439420402,Register
737,ResLife,Corabella Everard,240199,224396568,General
738,Academic,Berty Pauer,201416,961171296,Professor
739,ResLife,Roma Ferrari,97184,794916734,Manager
740,Academic,Rafaela Craze,257338,729655006,Manager
741,Recreations,Carter Carnegy,167886,972689864,Manager
742,Academic,Imojean Jiroutek,60549,121254597,Professor
743,ResLife,Gan Martinat,55657,658276355,General
744,Recreations,Arlan Maruszewski,131590,284185205,General
745,Academic,Fidelity Cosby,260749,219419347,Manager
746,Recreations,Christophorus Heigold,130870,563380409,Manager
747,ResLife,Leland Blazi,61859,393890438,Register
748,Academic,Jonie Shiliton,131229,348001369,Professor
749,ResLife,Gal Franey,124211,350193312,General
750,Recreations,Lynsey Odell,271919,176126676,General
751,Recreations,Sherry Podbury,130367,432188120,Register
752,ResLife,Francklin Skones,269435,382277808,Register
753,ResLife,Shaylah Klouz,119522,210198673,Manager
754,ResLife,Naomi Tilney,32915,512751977,General
755,Library,Kinsley Grabban,255877,269030045,Register
756,Recreations,Elvis Skydall,106833,605501923,Manager
757,Academic,Kelci Leaf,97607,849097426,Manager
758,Library,Waly McKeevers,90129,867351957,Manager
759,Library,Adora Maryet,203818,957715148,Manager
760,Library,Hilde Kybbye,163406,998315026,Register
761,Library,Benedicto Tindley,63228,857537410,Register
762,Academic,Jasmina Mansuer,81568,977836537,TA
763,Academic,Ingra Wynes,256922,152964418,Professor
764,ResLife,Kelsey Comiam,239653,221802078,Register
765,ResLife,Steven Bartaletti,203407,763116944,General
766,ResLife,Rriocard Eykel,292436,715119683,Register
767,Academic,Ofilia Garrish,151641,710926128,Professor
768,ResLife,Gisella Lawly,190094,887046778,General
769,Recreations,Mitzi Slatter,167773,167716716,Manager
770,ResLife,Jenny Ditchett,199836,161203736,Register
771,Library,Edita Brownsill,71173,971980036,General
772,ResLife,Loella Betke,210687,222000243,Register
773,ResLife,Neely Lode,195307,845121442,General
774,Recreations,Grantham Levings,95171,690409633,General
775,Library,Berkeley Yewman,117196,231490501,General
776,Recreations,Nevsa Card,42999,344472633,Manager
777,Library,Herb Raeburn,233979,122161914,Register
778,Recreations,Adler Buey,72651,826715723,Register
779,Bon Apetite,Isadore Sebring,251536,485246699,Register
780,ResLife,Rube Pley,54459,815974532,Manager
781,Bon Apetite,Abigael Olenchikov,208825,667168713,General
782,Academic,Alastair Catterall,73479,776567769,Advisor
783,Academic,Asher Makin,74983,204350526,Advisor
784,Library,Donovan Westraw,208101,715218905,Register
785,Recreations,Jessy Eisikovitsh,142572,195913600,General
786,Bon Apetite,Melvyn Fawks,127695,844125421,Manager
787,Academic,Grange Lace,288729,683939572,Advisor
788,Academic,Delcina Duesbury,293584,197777906,Manager
789,ResLife,Kipp Fitzsymons,113412,644214380,General
790,ResLife,Melicent Estable,81213,522659464,General
791,Recreations,Bernardo Huster,95968,392225428,Manager
792,Bon Apetite,Josias Chyuerton,242954,918638770,Manager
793,ResLife,Eduardo Izzett,257411,303537784,Manager
794,Recreations,Doralynn Silliman,265054,845303597,Manager
795,Recreations,Lorain Pratley,120606,245697264,Register
796,Library,Felic Gracewood,250814,947060632,Manager
797,Library,Jethro Beecheno,282050,709185092,General
798,Bon Apetite,Gregg Birney,282413,763685619,General
799,ResLife,Alejandro Beynon,158320,524639251,Register
800,Academic,Dayna McComas,35307,337093224,TA
801,Library,Tonya Jamieson,144496,410966239,Manager
802,ResLife,Ambrose Duddan,225009,370816835,Register
803,Academic,Andeee Benoey,247108,295202354,Manager
804,Bon Apetite,Gabbey Gout,60935,603764506,General
805,Library,Blane Gantlett,166153,838229217,Register
806,Recreations,Belva Boater,297498,721257252,Register
807,Bon Apetite,Sander Hindshaw,223626,697339746,Manager
808,Recreations,Eldon Dymott,211271,260681872,Manager
809,ResLife,Hillard Millhill,226318,253897127,Register
810,Academic,Gianni Galego,110592,811338654,Professor
811,ResLife,Winston Moncur,129901,886749227,General
812,Recreations,Emmett Strettle,136098,870498553,General
813,ResLife,Lianna Coggings,138360,858682822,Manager
814,Recreations,Adan Cortes,32854,854589626,Register
815,Bon Apetite,Gay Billett,218998,111214202,Manager
816,Bon Apetite,Quinn Milazzo,100475,569457674,Register
817,Academic,Leone Mityakov,187305,638062388,TA
818,ResLife,Emmie Pinkney,286766,237209010,Register
819,Bon Apetite,Auroora Spitell,81237,366498406,Register
820,Bon Apetite,Darwin Jelk,173331,395797203,Manager
821,Library,Borden Tibb,151524,454834441,General
822,Academic,Heywood Cadell,148520,977206563,Professor
823,ResLife,Guthry Scotson,127881,260360015,Register
824,Academic,Janean Grellis,263716,456705187,Professor
825,Academic,Mikey Leadley,38669,914233063,Advisor
826,ResLife,Sybille Chelsom,243598,262929669,General
827,Academic,Dorine MacConnechie,40732,437066717,Professor
828,Bon Apetite,Sophi Crigin,187388,498513041,General
829,Bon Apetite,Guinna Rabbitt,107194,944176676,Manager
830,ResLife,Jamal Reinbech,46116,527152419,Manager
831,Library,Elnora Hicken,206198,128563668,Register
832,ResLife,Renie Pitchers,291629,797078360,Register
833,Recreations,Janeczka Packham,72778,795143029,Manager
834,Bon Apetite,Akim Beckerleg,51074,805389036,Manager
835,Academic,Gian Porker,192058,495969884,Manager
836,ResLife,Hatti Thomassen,61358,731973919,Register
837,Library,Bryant Tresise,243024,996038769,Manager
838,Library,Engelbert Camellini,195532,734401067,Manager
839,Library,Lolita De Caville,84400,511966240,General
840,Recreations,Mae Trimbey,34618,585699401,Register
841,Library,Darbee Shaudfurth,250248,525027670,General
842,Academic,Mallissa Schruur,287884,163203954,TA
843,Academic,Giacopo Whitloe,178969,949852506,Professor
844,Recreations,Vinni Dennes,216861,974732509,Manager
845,Library,Ellene Skirvane,154685,396948209,General
846,Recreations,Ilysa Scutchings,122220,303957477,Register
847,Bon Apetite,Peterus Sheron,47753,537077289,General
848,Recreations,Ed Reith,272919,587161073,Register
849,Recreations,Leisha Marriner,47394,738284837,Manager
850,ResLife,Emile Collumbine,218855,354206953,Manager
851,Library,Deb Saintsbury,36444,793131649,Register
852,Library,Raphaela Sturte,41431,120535855,General
853,Library,Lazare Troughton,189921,319843653,Register
854,Library,Dukie Gorriessen,93287,422917822,Register
855,Bon Apetite,Marve Guiu,32428,978104388,Register
856,Recreations,Almira Jessope,250963,328320398,Register
857,Academic,Siouxie Spellacy,92465,784231182,Manager
858,Recreations,Melva Grugerr,270976,498922793,Manager
859,Bon Apetite,Annice Wikey,107570,361672690,Manager
860,ResLife,Arabel Crangle,185261,330593195,Manager
861,Recreations,Raf Stygall,247176,315263191,General
862,Academic,Tammie Cain,247422,501765843,Advisor
863,Academic,Martelle Lung,94375,443493430,Professor
864,Academic,Leeland Dumberell,178323,282341993,TA
865,Academic,Hilde Vasyatkin,265564,406766830,Professor
866,ResLife,Alfie Ferriday,280858,183516457,General
867,Recreations,Gabriellia Priestley,292075,196910423,Register
868,Academic,Lib Clemo,279174,380954573,Professor
869,Academic,Haze Downes,40846,853233814,TA
870,Academic,Broderick Fritzer,181306,415284616,Professor
871,Recreations,Eleanore Bushe,205350,154396689,General
872,Library,Parke McGerr,205338,613626123,Register
873,Bon Apetite,Constantia Chastagnier,143287,969059425,General
874,Academic,Randy Cutchie,280934,820745548,Professor
875,Library,Barty Batter,166492,632567941,Manager
876,Bon Apetite,Emiline Drakeford,268046,223676131,Manager
877,Bon Apetite,Genevieve Swaffield,278818,280550715,General
878,Library,Basia Mander,142315,735705941,Manager
879,ResLife,Courtney Yielding,119145,303093068,Manager
880,Recreations,Rachelle Trevna,71414,706178926,General
881,Bon Apetite,Damita Draisey,100671,222088837,Register
882,ResLife,Nobie Caban,86686,845163680,Register
883,ResLife,Mufi Simkin,109191,661161381,Manager
884,Recreations,Alric Carnaman,277772,358066521,Register
885,ResLife,Murial Blenkinship,38089,343430676,Manager
886,ResLife,Parke MacDermid,45482,116519217,Register
887,Bon Apetite,Kimmie Penwell,105525,723869047,General
888,ResLife,Devland Manhare,203208,504250364,Manager
889,Academic,Maryjo Baytrop,60744,253025459,Manager
890,ResLife,Immanuel Chishull,219078,924492384,Manager
891,Recreations,Graig Kabsch,292952,987468175,Manager
892,Academic,Myer Snelgrove,141647,548582565,Professor
893,Academic,Quill Bernadon,30841,608061313,Professor
894,ResLife,Minor Webby,142325,596503280,Register
895,Academic,Annabel Barszczewski,282878,308915522,Professor
896,Recreations,Una Somes,276060,782676242,Register
897,Academic,Ibbie Gettins,215841,236126615,Manager
898,ResLife,Stern Dibley,160927,285987907,Register
899,ResLife,Grange Gaddesby,280412,451412679,Register
900,Library,Van Banke,88092,808935301,General
901,Recreations,Oren Lintott,47115,466451302,Manager
902,ResLife,Obed Quiney,49675,326443265,Register
903,Library,Tomkin Corten,134536,188642675,General
904,Library,York Botger,223851,904037187,Manager
905,Academic,Jodi Beard,90427,813323752,Manager
906,ResLife,Lauritz Woodbridge,155247,415623980,Manager
907,Academic,Kipp Tomasi,246921,889596881,TA
908,ResLife,Had Morrant,249654,294742445,General
909,ResLife,Tamiko Kinastan,133521,784939740,General
910,Academic,Clair Von Helmholtz,82874,851776839,TA
911,Library,Amandie Pethrick,276793,952167835,Register
912,Recreations,Fedora Purrier,42937,412369378,Manager
913,Academic,Lucita Bullough,179759,325138655,Manager
914,Bon Apetite,Ariella Newcom,260139,831952315,Manager
915,Library,Adela Spelsbury,62161,910665859,Manager
916,Bon Apetite,Darda Cridlon,285306,966288370,Manager
917,Recreations,Harland Vasnetsov,127054,613980645,General
918,Academic,Karylin Robjohns,123521,668988723,Advisor
919,Recreations,Karena Hallbird,82273,140304240,Register
920,Academic,Brynna Slateford,97409,752380129,Professor
921,Library,Bartel Jahan,248027,692587037,Manager
922,Library,Jared Dennerly,283062,470747844,General
923,Bon Apetite,Jenny Belson,106886,743647976,Register
924,ResLife,Halimeda Banbrick,203759,583118882,General
925,Library,Beret Wimlet,269768,108229556,Register
926,Library,Eirena Wilkisson,211852,754674772,General
927,Library,Tab Lumbly,146989,899333635,General
928,Recreations,Bradan Ioan,133128,493306648,Manager
929,Recreations,Ransell Matuszynski,275762,286417279,General
930,Bon Apetite,Will Groveham,37516,714311778,Manager
931,Library,Dion Rennolds,68875,932064386,Manager
932,ResLife,Kaja Stansby,268275,830655755,Register
933,Library,Towny MacAless,96417,818006169,Manager
934,ResLife,Gay Copson,148673,357843560,Manager
935,ResLife,Gregorio Grute,51132,913578819,Manager
936,Bon Apetite,Lizzie Hazeley,180246,137762954,Register
937,Bon Apetite,Aluino Schutter,232992,175078561,Manager
938,Bon Apetite,Patsy Keavy,143557,519698941,Manager
939,Recreations,Lorne Manwell,280269,514043747,General
940,Academic,Cheslie Cootes,116905,449078850,Manager
941,Recreations,Arlen Royall,133984,747728702,General
942,Library,Delainey Tenwick,247319,367976861,General
943,Academic,Terry Escott,256793,766746575,Professor
944,ResLife,Garwood Wapplington,270153,374659676,Register
945,Recreations,Ulick Whittlesea,234517,672767098,Manager
946,ResLife,Vasilis Bartak,168740,405211806,Register
947,Academic,Misty Barniss,113477,261862981,Professor
948,Bon Apetite,Kevin Bosdet,260499,994867742,Manager
949,Library,Thomasa Millwater,166473,480264550,Manager
950,Library,Garvy Bromehead,91912,641954669,Manager
951,Academic,Thalia Overal,296424,715664399,TA
952,Recreations,Wallas Emanuelov,51507,666107760,General
953,Bon Apetite,Toddy Carrington,137135,157545563,Manager
954,Recreations,Benny Jindra,67961,773633631,Manager
955,Library,Donni Dorling,207118,228008485,Manager
956,ResLife,Renato Goeff,68051,540798025,Register
957,Academic,Vivianna Gotecliffe,91591,517865033,TA
958,Academic,Crystal Winston,253343,245157392,TA
959,ResLife,Kizzee Stoter,35896,430945992,General
960,Recreations,Fowler Sumption,31116,664085991,Manager
961,Academic,Benedikt Easby,208882,259847513,Professor
962,ResLife,Annmarie Nusche,259614,839495541,Manager
963,Recreations,Nerty Sallings,123151,825273508,General
964,ResLife,Norry Buglar,244871,158610906,General
965,Bon Apetite,Cristian Joplin,139777,876915065,Manager
966,Academic,Tillie Defraine,83758,702967042,TA
967,Recreations,Cyrille Gilardone,67108,207595859,Register
968,Recreations,Mychal O'Cullen,31283,266735960,Register
969,ResLife,Shelagh Ellen,168804,944939420,General
970,Library,Aeriel Vasilevich,210528,818203176,Register
971,ResLife,Bella Dooly,196817,870904936,Register
972,Academic,Terese Valiant,180905,794814906,Professor
973,ResLife,Chloris Bukowski,244524,524926004,Manager
974,ResLife,Diego Lowey,46359,986502040,Manager
975,Recreations,Estevan Tryhorn,195582,990241784,Register
976,Recreations,Adelheid Nunson,202026,567870425,Register
977,ResLife,Stace Ledley,208963,363469815,Manager
978,Bon Apetite,Ileana Confort,48524,795646300,General
979,Library,Fredek Worthing,249421,512696133,Register
980,Academic,Harlan Spatig,64245,296489189,Professor
981,Recreations,Fulton Hiland,104928,692963253,Register
982,Bon Apetite,Chucho Kellart,201792,202685876,Register
983,Academic,Perry Morigan,102406,998331882,Professor
984,Bon Apetite,Kelley Bordis,238934,657025609,Manager
985,Bon Apetite,Orsa Foster-Smith,223120,663421663,Manager
986,Library,Juliet Eminson,89884,245804316,Manager
987,Recreations,Laural Pirouet,103867,965770060,General
988,Bon Apetite,Kip Pragnall,289720,983211246,Manager
989,Bon Apetite,Ardisj Basnett,285309,462909162,General
990,Bon Apetite,Loleta Seldner,242060,691705897,Manager
991,Bon Apetite,Courtnay Pettifer,96506,445750269,Register
992,Recreations,Evered Disbury,178579,163423758,Manager
993,Recreations,Ingaborg Mingay,155826,900939122,Register
994,ResLife,Augustine Thorsby,62528,652709879,Register
995,ResLife,Katerina Duncanson,184787,352150232,General
996,ResLife,Ealasaid Thomason,123637,766695556,Manager
997,Recreations,Bertie Duffill,109678,922753654,General
998,Bon Apetite,Stephenie Black,256517,622896823,Register
999,Library,Nickolai Taberner,207194,640885702,Manager
1000,ResLife,Hirsch Fitchen,131427,271843902,Register
